filename,reference,count_reference,patern,heuristic,score,commit,indicators,debts,count_debts
extensions/ActiveTestSuite.java,['r3.8.2'],1,2.0,0.0,2.0,a0f0ee1b3f72d9361eb09b3a25156c69a748aa47,COMMENT_ANALYSIS_UNKNOWN_DEBT,UNKNOWN_DEBT,1.0
extensions/ExceptionTestCase.java,['r3.8.2'],1,5.0,0.0,5.0,a0f0ee1b3f72d9361eb09b3a25156c69a748aa47,COMMENT_ANALYSIS_UNKNOWN_DEBT,UNKNOWN_DEBT,1.0
extensions/TestDecorator.java,['r3.8.2'],1,4.0,0.0,4.0,a0f0ee1b3f72d9361eb09b3a25156c69a748aa47,COMMENT_ANALYSIS_UNKNOWN_DEBT,UNKNOWN_DEBT,1.0
framework/Assert.java,['r3.8.2'],1,20.5,0.0,20.5,a0f0ee1b3f72d9361eb09b3a25156c69a748aa47,"COMMENT_ANALYSIS_DEFECT_DEBT,COMMENT_ANALYSIS_TEST_DEBT","TEST_DEBT,DEFECT_DEBT",1.0
framework/Protectable.java,['r3.8.2'],1,4.0,0.0,4.0,a0f0ee1b3f72d9361eb09b3a25156c69a748aa47,COMMENT_ANALYSIS_UNKNOWN_DEBT,UNKNOWN_DEBT,1.0
framework/Test.java,['r3.8.2'],1,9.0,0.0,9.0,a0f0ee1b3f72d9361eb09b3a25156c69a748aa47,COMMENT_ANALYSIS_UNKNOWN_DEBT,UNKNOWN_DEBT,1.0
framework/TestCase.java,['r3.8.2'],1,8.0,0.0,8.0,a0f0ee1b3f72d9361eb09b3a25156c69a748aa47,COMMENT_ANALYSIS_UNKNOWN_DEBT,UNKNOWN_DEBT,1.0
framework/TestListener.java,['r3.8.2'],1,3.0,0.0,3.0,a0f0ee1b3f72d9361eb09b3a25156c69a748aa47,COMMENT_ANALYSIS_DEFECT_DEBT,DEFECT_DEBT,1.0
framework/TestResult.java,['r3.8.2'],1,12.5,0.0,12.5,a0f0ee1b3f72d9361eb09b3a25156c69a748aa47,"COMMENT_ANALYSIS_DEFECT_DEBT,COMMENT_ANALYSIS_UNKNOWN_DEBT","UNKNOWN_DEBT,DEFECT_DEBT",1.0
framework/TestSuite.java,['r3.8.2'],1,10.0,1.13,11.129999999999999,a0f0ee1b3f72d9361eb09b3a25156c69a748aa47,"COMMENT_ANALYSIS_DEFECT_DEBT,COMMENT_ANALYSIS_UNKNOWN_DEBT","UNKNOWN_DEBT,DEFECT_DEBT",1.0
runner/BaseTestRunner.java,['r3.8.2'],1,3.5,0.0,3.5,a0f0ee1b3f72d9361eb09b3a25156c69a748aa47,COMMENT_ANALYSIS_CODE_DEBT,CODE_DEBT,1.0
runner/TestCaseClassLoader.java,['r3.8.2'],1,14.0,2.56,15.28,a0f0ee1b3f72d9361eb09b3a25156c69a748aa47,COMMENT_ANALYSIS_UNKNOWN_DEBT,UNKNOWN_DEBT,1.0
runner/TestSuiteLoader.java,['r3.8.2'],1,5.0,0.0,5.0,a0f0ee1b3f72d9361eb09b3a25156c69a748aa47,COMMENT_ANALYSIS_UNKNOWN_DEBT,UNKNOWN_DEBT,1.0
samples/SimpleTest.java,['r3.8.2'],1,3.0,0.0,3.0,a0f0ee1b3f72d9361eb09b3a25156c69a748aa47,COMMENT_ANALYSIS_UNKNOWN_DEBT,UNKNOWN_DEBT,1.0
samples/money/Money.java,['r3.8.2'],1,6.0,0.0,6.0,a0f0ee1b3f72d9361eb09b3a25156c69a748aa47,COMMENT_ANALYSIS_REQUIREMENT_DEBT,REQUIREMENT_DEBT,1.0
samples/money/MoneyBag.java,['r3.8.2'],1,2.0,0.0,2.0,a0f0ee1b3f72d9361eb09b3a25156c69a748aa47,COMMENT_ANALYSIS_UNKNOWN_DEBT,UNKNOWN_DEBT,1.0
src/main/java/junit/extensions/ActiveTestSuite.java,"['r4.6', 'r4.7', 'r4.8', 'r4.9', 'r4.10', 'r4.11', 'r4.12', 'master']",8,18.0,0.0,18.0,b5e9885854a0d594451800b9127eb50afb645433a8629da96207e1ce71ead9ba9f85bc324f09bcab5a3a326096cf65a58272ee89a5ef1c164cfd9d3361f06547599bb6b98bca99d5bc457eb20bc17cab45a44647e7306262162e1346b750c3209019f2e1c2e4d911fadfbd64444fb285342a8f1b72336169660a37320badfd6749f453201aeef8f5b15da89064155f8a9babcfcf4263cf4d08253a1556e75481,COMMENT_ANALYSIS_UNKNOWN_DEBTCOMMENT_ANALYSIS_UNKNOWN_DEBTCOMMENT_ANALYSIS_UNKNOWN_DEBTCOMMENT_ANALYSIS_UNKNOWN_DEBTCOMMENT_ANALYSIS_UNKNOWN_DEBTCOMMENT_ANALYSIS_UNKNOWN_DEBTCOMMENT_ANALYSIS_UNKNOWN_DEBTCOMMENT_ANALYSIS_UNKNOWN_DEBT,"UNKNOWN_DEBT,UNKNOWN_DEBT,UNKNOWN_DEBT,UNKNOWN_DEBT,UNKNOWN_DEBT,UNKNOWN_DEBT,UNKNOWN_DEBT,UNKNOWN_DEBT",8.0
src/main/java/junit/extensions/TestDecorator.java,"['r4.6', 'r4.7', 'r4.8', 'r4.9', 'r4.10', 'r4.11', 'r4.12', 'master']",8,20.0,0.0,20.0,b5e9885854a0d594451800b9127eb50afb645433a8629da96207e1ce71ead9ba9f85bc324f09bcab5a3a326096cf65a58272ee89a5ef1c164cfd9d3361f06547599bb6b98bca99d5bc457eb20bc17cab45a44647e7306262162e1346b750c3209019f2e1c2e4d911fadfbd64444fb285342a8f1b72336169660a37320badfd6749f453201aeef8f5b15da89064155f8a9babcfcf4263cf4d08253a1556e75481,COMMENT_ANALYSIS_UNKNOWN_DEBTCOMMENT_ANALYSIS_UNKNOWN_DEBTCOMMENT_ANALYSIS_UNKNOWN_DEBTCOMMENT_ANALYSIS_UNKNOWN_DEBTCOMMENT_ANALYSIS_UNKNOWN_DEBTCOMMENT_ANALYSIS_UNKNOWN_DEBTCOMMENT_ANALYSIS_UNKNOWN_DEBTCOMMENT_ANALYSIS_UNKNOWN_DEBT,"UNKNOWN_DEBT,UNKNOWN_DEBT,UNKNOWN_DEBT,UNKNOWN_DEBT,UNKNOWN_DEBT,UNKNOWN_DEBT,UNKNOWN_DEBT,UNKNOWN_DEBT",8.0
src/main/java/junit/framework/Assert.java,"['r4.6', 'r4.7', 'r4.8', 'r4.9', 'r4.10', 'r4.11', 'r4.12', 'master']",8,97.0,0.0,97.0,b5e9885854a0d594451800b9127eb50afb645433a8629da96207e1ce71ead9ba9f85bc324f09bcab5a3a326096cf65a58272ee89a5ef1c164cfd9d3361f06547599bb6b98bca99d5bc457eb20bc17cab45a44647e7306262162e1346b750c3209019f2e1c2e4d911fadfbd64444fb285342a8f1b72336169660a37320badfd6749f453201aeef8f5b15da890,"COMMENT_ANALYSIS_DEFECT_DEBT,COMMENT_ANALYSIS_TEST_DEBTCOMMENT_ANALYSIS_DEFECT_DEBT,COMMENT_ANALYSIS_TEST_DEBTCOMMENT_ANALYSIS_DEFECT_DEBT,COMMENT_ANALYSIS_TEST_DEBTCOMMENT_ANALYSIS_DEFECT_DEBT,COMMENT_ANALYSIS_TEST_DEBTCOMMENT_ANALYSIS_DEFECT_DEBT,COMMENT_ANALYSIS_TEST_DEBTCOMMENT_ANALYSIS_DEFECT_DEBT,COMMENT_ANALYSIS_TEST_DEBTCOMMENT_ANALYSIS_DEFECT_DEBT,COMMENT_ANALYSIS_TEST_DEBT","TEST_DEBT,DEFECT_DEBT,TEST_DEBT,DEFECT_DEBT,TEST_DEBT,DEFECT_DEBT,TEST_DEBT,DEFECT_DEBT,TEST_DEBT,DEFECT_DEBT,TEST_DEBT,DESIGN_DEBT,CODE_DEBT,,DEFECT_DEBT,CODE_DEBT",7.0
src/main/java/junit/framework/Protectable.java,"['r4.6', 'r4.7', 'r4.8', 'r4.9', 'r4.10', 'r4.11', 'r4.12', 'master']",8,20.0,0.0,20.0,b5e9885854a0d594451800b9127eb50afb645433a8629da96207e1ce71ead9ba9f85bc324f09bcab5a3a326096cf65a58272ee89a5ef1c164cfd9d3361f06547599bb6b98bca99d5bc457eb20bc17cab45a44647e7306262162e1346b750c3209019f2e1c2e4d911fadfbd64444fb285342a8f1b72336169660a37320badfd6749f453201aeef8f5b15da89064155f8a9babcfcf4263cf4d08253a1556e75481,COMMENT_ANALYSIS_UNKNOWN_DEBTCOMMENT_ANALYSIS_UNKNOWN_DEBTCOMMENT_ANALYSIS_UNKNOWN_DEBTCOMMENT_ANALYSIS_UNKNOWN_DEBTCOMMENT_ANALYSIS_UNKNOWN_DEBTCOMMENT_ANALYSIS_UNKNOWN_DEBTCOMMENT_ANALYSIS_UNKNOWN_DEBTCOMMENT_ANALYSIS_UNKNOWN_DEBT,"UNKNOWN_DEBT,UNKNOWN_DEBT,UNKNOWN_DEBT,UNKNOWN_DEBT,UNKNOWN_DEBT,UNKNOWN_DEBT,UNKNOWN_DEBT,UNKNOWN_DEBT",8.0
src/main/java/junit/framework/Test.java,"['r4.6', 'r4.7', 'r4.8', 'r4.9', 'r4.10', 'r4.11', 'r4.12', 'master']",8,45.0,0.0,45.0,b5e9885854a0d594451800b9127eb50afb645433a8629da96207e1ce71ead9ba9f85bc324f09bcab5a3a326096cf65a58272ee89a5ef1c164cfd9d3361f06547599bb6b98bca99d5bc457eb20bc17cab45a44647e7306262162e1346b750c3209019f2e1c2e4d911fadfbd64444fb285342a8f1b72336169660a37320badfd6749f453201aeef8f5b15da890,COMMENT_ANALYSIS_UNKNOWN_DEBTCOMMENT_ANALYSIS_UNKNOWN_DEBTCOMMENT_ANALYSIS_UNKNOWN_DEBTCOMMENT_ANALYSIS_UNKNOWN_DEBTCOMMENT_ANALYSIS_UNKNOWN_DEBTCOMMENT_ANALYSIS_UNKNOWN_DEBTCOMMENT_ANALYSIS_UNKNOWN_DEBT,"UNKNOWN_DEBT,UNKNOWN_DEBT,UNKNOWN_DEBT,UNKNOWN_DEBT,UNKNOWN_DEBT,UNKNOWN_DEBT,UNKNOWN_DEBT",7.0
src/main/java/junit/framework/TestCase.java,"['r4.6', 'r4.7', 'r4.8', 'r4.9', 'r4.10', 'r4.11', 'r4.12', 'master']",8,40.0,0.0,40.0,b5e9885854a0d594451800b9127eb50afb645433a8629da96207e1ce71ead9ba9f85bc324f09bcab5a3a326096cf65a58272ee89a5ef1c164cfd9d3361f06547599bb6b98bca99d5bc457eb20bc17cab45a44647e7306262162e1346b750c3209019f2e1c2e4d911fadfbd64444fb285342a8f1b72336169660a37320badfd6749f453201aeef8f5b15da890,"COMMENT_ANALYSIS_UNKNOWN_DEBTCOMMENT_ANALYSIS_UNKNOWN_DEBTCOMMENT_ANALYSIS_UNKNOWN_DEBTCOMMENT_ANALYSIS_UNKNOWN_DEBTCOMMENT_ANALYSIS_UNKNOWN_DEBTGOD_CLASS,COMMENT_ANALYSIS_UNKNOWN_DEBTGOD_CLASS,COMMENT_ANALYSIS_UNKNOWN_DEBT","UNKNOWN_DEBT,UNKNOWN_DEBT,UNKNOWN_DEBT,UNKNOWN_DEBT,UNKNOWN_DEBT,UNKNOWN_DEBT,DESIGN_DEBT,CODE_DEBT,UNKNOWN_DEBT",7.0
src/main/java/junit/framework/TestFailure.java,"['r4.12', 'master']",2,12.0,0.0,12.0,660a37320badfd6749f453201aeef8f5b15da89064155f8a9babcfcf4263cf4d08253a1556e75481,COMMENT_ANALYSIS_DEFECT_DEBTCOMMENT_ANALYSIS_DEFECT_DEBT,"DEFECT_DEBT,DEFECT_DEBT",2.0
src/main/java/junit/framework/TestListener.java,"['r4.6', 'r4.7', 'r4.8', 'r4.9', 'r4.10', 'r4.11', 'r4.12', 'master']",8,27.0,0.0,27.0,b5e9885854a0d594451800b9127eb50afb645433a8629da96207e1ce71ead9ba9f85bc324f09bcab5a3a326096cf65a58272ee89a5ef1c164cfd9d3361f06547599bb6b98bca99d5bc457eb20bc17cab45a44647e7306262162e1346b750c3209019f2e1c2e4d911fadfbd64444fb285342a8f1b72336169660a37320badfd6749f453201aeef8f5b15da89064155f8a9babcfcf4263cf4d08253a1556e75481,COMMENT_ANALYSIS_DEFECT_DEBTCOMMENT_ANALYSIS_DEFECT_DEBTCOMMENT_ANALYSIS_DEFECT_DEBTCOMMENT_ANALYSIS_DEFECT_DEBTCOMMENT_ANALYSIS_DEFECT_DEBTCOMMENT_ANALYSIS_DEFECT_DEBTCOMMENT_ANALYSIS_DEFECT_DEBTCOMMENT_ANALYSIS_DEFECT_DEBT,"DEFECT_DEBT,DEFECT_DEBT,DEFECT_DEBT,DEFECT_DEBT,DEFECT_DEBT,DEFECT_DEBT,DEFECT_DEBT,DEFECT_DEBT",8.0
src/main/java/junit/framework/TestResult.java,"['r4.6', 'r4.7', 'r4.8', 'r4.9', 'r4.10', 'r4.11', 'r4.12', 'master']",8,92.5,0.0,92.5,b5e9885854a0d594451800b9127eb50afb645433a8629da96207e1ce71ead9ba9f85bc324f09bcab5a3a326096cf65a58272ee89a5ef1c164cfd9d3361f06547599bb6b98bca99d5bc457eb20bc17cab45a44647e7306262162e1346b750c3209019f2e1c2e4d911fadfbd64444fb285342a8f1b72336169660a37320badfd6749f453201aeef8f5b15da89064155f8a9babcfcf4263cf4d08253a1556e75481,"COMMENT_ANALYSIS_DEFECT_DEBT,COMMENT_ANALYSIS_UNKNOWN_DEBTCOMMENT_ANALYSIS_DEFECT_DEBT,COMMENT_ANALYSIS_UNKNOWN_DEBTCOMMENT_ANALYSIS_DEFECT_DEBT,COMMENT_ANALYSIS_UNKNOWN_DEBTCOMMENT_ANALYSIS_DEFECT_DEBT,COMMENT_ANALYSIS_UNKNOWN_DEBTCOMMENT_ANALYSIS_DEFECT_DEBT,COMMENT_ANALYSIS_UNKNOWN_DEBTCOMMENT_ANALYSIS_DEFECT_DEBT,COMMENT_ANALYSIS_UNKNOWN_DEBTCOMMENT_ANALYSIS_DEFECT_DEBT,COMMENT_ANALYSIS_UNKNOWN_DEBTCOMMENT_ANALYSIS_DEFECT_DEBT,COMMENT_ANALYSIS_UNKNOWN_DEBT","UNKNOWN_DEBT,DEFECT_DEBT,UNKNOWN_DEBT,DEFECT_DEBT,UNKNOWN_DEBT,DEFECT_DEBT,UNKNOWN_DEBT,DEFECT_DEBT,UNKNOWN_DEBT,DEFECT_DEBT,UNKNOWN_DEBT,DEFECT_DEBT,DEFECT_DEBT,UNKNOWN_DEBT,UNKNOWN_DEBT,DEFECT_DEBT",8.0
src/main/java/junit/framework/TestSuite.java,"['r4.6', 'r4.7', 'r4.8', 'r4.9', 'r4.10', 'r4.11', 'r4.12', 'master']",8,90.0,20.339999999999996,100.16999999999999,b5e9885854a0d594451800b9127eb50afb645433a8629da96207e1ce71ead9ba9f85bc324f09bcab5a3a326096cf65a58272ee89a5ef1c164cfd9d3361f06547599bb6b98bca99d5bc457eb20bc17cab45a44647e7306262162e1346b750c3209019f2e1c2e4d911fadfbd64444fb285342a8f1b72336169660a37320badfd6749f453201aeef8f5b15da890,"COMMENT_ANALYSIS_DEFECT_DEBT,COMMENT_ANALYSIS_UNKNOWN_DEBTCOMMENT_ANALYSIS_DEFECT_DEBT,COMMENT_ANALYSIS_UNKNOWN_DEBTCOMMENT_ANALYSIS_DEFECT_DEBT,COMMENT_ANALYSIS_UNKNOWN_DEBTGOD_CLASS,COMMENT_ANALYSIS_DEFECT_DEBT,FEATURE_ENVY,GOD_CLASS,COMMENT_ANALYSIS_DEFECT_DEBT,FEATURE_ENVY,GOD_CLASS,COMMENT_ANALYSIS_DEFECT_DEBTGOD_CLASS,COMMENT_ANALYSIS_DEFECT_DEBT","UNKNOWN_DEBT,DESIGN_DEBT,CODE_DEBT,,UNKNOWN_DEBT,DESIGN_DEBT,CODE_DEBT,,UNKNOWN_DEBT,DESIGN_DEBT,CODE_DEBT,,UNKNOWN_DEBT,DESIGN_DEBT,CODE_DEBT,,UNKNOWN_DEBT,DESIGN_DEBT,CODE_DEBT,,UNKNOWN_DEBT,DESIGN_DEBT,CODE_DEBT,,DEFECT_DEBT,CODE_DEBT,DESIGN_DEBT,",7.0
src/main/java/junit/textui/TestRunner.java,"['r4.6', 'r4.7', 'r4.8', 'r4.9', 'r4.10', 'r4.11', 'r4.12', 'master']",8,45.0,5.76,50.760000000000005,b5e9885854a0d594451800b9127eb50afb645433a8629da96207e1ce71ead9ba9f85bc324f09bcab5a3a326096cf65a58272ee89a5ef1c164cfd9d3361f06547599bb6b98bca99d5bc457eb20bc17cab45a44647e7306262162e1346b750c3209019f2e1c2e4d911fadfbd64444fb285342a8f1b72336169660a37320badfd6749f453201aeef8f5b15da890,COMMENT_ANALYSIS_UNKNOWN_DEBTCOMMENT_ANALYSIS_UNKNOWN_DEBTCOMMENT_ANALYSIS_UNKNOWN_DEBTCOMMENT_ANALYSIS_UNKNOWN_DEBTCOMMENT_ANALYSIS_UNKNOWN_DEBTCOMMENT_ANALYSIS_UNKNOWN_DEBTCOMMENT_ANALYSIS_UNKNOWN_DEBT,"UNKNOWN_DEBT,UNKNOWN_DEBT,UNKNOWN_DEBT,UNKNOWN_DEBT,UNKNOWN_DEBT,UNKNOWN_DEBT,UNKNOWN_DEBT",7.0
src/main/java/org/junit/After.java,"['r4.6', 'r4.7', 'r4.8', 'r4.9', 'r4.10', 'r4.11', 'r4.12', 'master']",8,50.0,0.0,50.0,b5e9885854a0d594451800b9127eb50afb645433a8629da96207e1ce71ead9ba9f85bc324f09bcab5a3a326096cf65a58272ee89a5ef1c164cfd9d3361f06547599bb6b98bca99d5bc457eb20bc17cab45a44647e7306262162e1346b750c3209019f2e1c2e4d911fadfbd64444fb285342a8f1b72336169660a37320badfd6749f453201aeef8f5b15da89064155f8a9babcfcf4263cf4d08253a1556e75481,COMMENT_ANALYSIS_UNKNOWN_DEBTCOMMENT_ANALYSIS_UNKNOWN_DEBTCOMMENT_ANALYSIS_UNKNOWN_DEBTCOMMENT_ANALYSIS_UNKNOWN_DEBTCOMMENT_ANALYSIS_UNKNOWN_DEBTCOMMENT_ANALYSIS_UNKNOWN_DEBTCOMMENT_ANALYSIS_UNKNOWN_DEBTCOMMENT_ANALYSIS_UNKNOWN_DEBT,"UNKNOWN_DEBT,UNKNOWN_DEBT,UNKNOWN_DEBT,UNKNOWN_DEBT,UNKNOWN_DEBT,UNKNOWN_DEBT,UNKNOWN_DEBT,UNKNOWN_DEBT",8.0
src/main/java/org/junit/AfterClass.java,"['r4.6', 'r4.7', 'r4.8', 'r4.9', 'r4.10', 'r4.11', 'r4.12', 'master']",8,50.0,0.0,50.0,b5e9885854a0d594451800b9127eb50afb645433a8629da96207e1ce71ead9ba9f85bc324f09bcab5a3a326096cf65a58272ee89a5ef1c164cfd9d3361f06547599bb6b98bca99d5bc457eb20bc17cab45a44647e7306262162e1346b750c3209019f2e1c2e4d911fadfbd64444fb285342a8f1b72336169660a37320badfd6749f453201aeef8f5b15da89064155f8a9babcfcf4263cf4d08253a1556e75481,COMMENT_ANALYSIS_UNKNOWN_DEBTCOMMENT_ANALYSIS_UNKNOWN_DEBTCOMMENT_ANALYSIS_UNKNOWN_DEBTCOMMENT_ANALYSIS_UNKNOWN_DEBTCOMMENT_ANALYSIS_UNKNOWN_DEBTCOMMENT_ANALYSIS_UNKNOWN_DEBTCOMMENT_ANALYSIS_UNKNOWN_DEBTCOMMENT_ANALYSIS_UNKNOWN_DEBT,"UNKNOWN_DEBT,UNKNOWN_DEBT,UNKNOWN_DEBT,UNKNOWN_DEBT,UNKNOWN_DEBT,UNKNOWN_DEBT,UNKNOWN_DEBT,UNKNOWN_DEBT",8.0
src/main/java/org/junit/Assert.java,"['r4.6', 'r4.7', 'r4.8', 'r4.9', 'r4.10', 'r4.11', 'r4.12', 'master']",8,368.51800000000003,34.31,400.268,b5e9885854a0d594451800b9127eb50afb645433a8629da96207e1ce71ead9ba9f85bc324f09bcab5a3a326096cf65a58272ee89a5ef1c164cfd9d3361f06547599bb6b98bca99d5bc457eb20bc17cab45a44647e7306262162e1346b750c3209019f2e1c2e4d911fadfbd64444fb285342a8f1b72336169660a37320badfd6749f453201aeef8f5b15da89064155f8a9babcfcf4263cf4d08253a1556e75481,"COMMENT_ANALYSIS_DEFECT_DEBT,COMMENT_ANALYSIS_UNKNOWN_DEBT,COMMENT_ANALYSIS_CODE_DEBT,COMMENT_ANALYSIS_DEFECT_DEBT,COMMENT_ANALYSIS_UNKNOWN_DEBT,COMMENT_ANALYSIS_CODE_DEBT,COMMENT_ANALYSIS_DEFECT_DEBT,COMMENT_ANALYSIS_UNKNOWN_DEBT,COMMENT_ANALYSIS_CODE_DEBT,COMMENT_ANALYSIS_DEFECT_DEBT,COMMENT_ANALYSIS_UNKNOWN_DEBT,COMMENT_ANALYSIS_CODE_DEBT,COMMENT_ANALYSIS_DEFECT_DEBT,COMMENT_ANALYSIS_UNKNOWN_DEBT,COMMENT_ANALYSIS_CODE_DEBT,COMMENT_ANALYSIS_DEFECT_DEBT,COMMENT_ANALYSIS_UNKNOWN_DEBT,DUPLICATED_CODE,COMMENT_ANALYSIS_CODE_DEBTGOD_CLASS,COMMENT_ANALYSIS_DEFECT_DEBT,COMMENT_ANALYSIS_TEST_DEBT,COMMENT_ANALYSIS_CODE_DEBTCOMMENT_ANALYSIS_DEFECT_DEBT,COMMENT_ANALYSIS_UNKNOWN_DEBT,DUPLICATED_CODE,COMMENT_ANALYSIS_CODE_DEBT","UNKNOWN_DEBT,TEST_DEBT,CODE_DEBT,,UNKNOWN_DEBT,TEST_DEBT,CODE_DEBT,,UNKNOWN_DEBT,TEST_DEBT,CODE_DEBT,,UNKNOWN_DEBT,TEST_DEBT,CODE_DEBT,,UNKNOWN_DEBT,TEST_DEBT,CODE_DEBT,,UNKNOWN_DEBT,TEST_DEBT,DEFECT_DEBT,CODE_DEBT,DEFECT_DEBT,CODE_DEBT,UNKNOWN_DEBT,DESIGN_DEBT,UNKNOWN_DEBT,TEST_DEBT,DEFECT_DEBT,DESIGN_DEBT",8.0
src/main/java/org/junit/Assume.java,"['r4.6', 'r4.7', 'r4.8', 'r4.9', 'r4.10', 'r4.11', 'r4.12', 'master']",8,31.5,27.52,50.46,b5e9885854a0d594451800b9127eb50afb645433a8629da96207e1ce71ead9ba9f85bc324f09bcab5a3a326096cf65a58272ee89a5ef1c164cfd9d3361f06547599bb6b98bca99d5bc457eb20bc17cab45a44647e7306262162e1346b750c3209019f2e1c2e4d911fadfbd64444fb285342a8f1b72336169660a37320badfd6749f453201aeef8f5b15da89064155f8a9babcfcf4263cf4d08253a1556e75481,"COMMENT_ANALYSIS_UNKNOWN_DEBTCOMMENT_ANALYSIS_UNKNOWN_DEBTCOMMENT_ANALYSIS_UNKNOWN_DEBTCOMMENT_ANALYSIS_UNKNOWN_DEBTCOMMENT_ANALYSIS_UNKNOWN_DEBTCOMMENT_ANALYSIS_UNKNOWN_DEBTCOMMENT_ANALYSIS_UNKNOWN_DEBT,COMMENT_ANALYSIS_CODE_DEBTCOMMENT_ANALYSIS_UNKNOWN_DEBT","UNKNOWN_DEBT,UNKNOWN_DEBT,UNKNOWN_DEBT,UNKNOWN_DEBT,UNKNOWN_DEBT,UNKNOWN_DEBT,CODE_DEBT,UNKNOWN_DEBT,UNKNOWN_DEBT",8.0
src/main/java/org/junit/AssumptionViolatedException.java,"['r4.12', 'master']",2,11.0,2.56,12.28,660a37320badfd6749f453201aeef8f5b15da890,"COMMENT_ANALYSIS_DEFECT_DEBT,COMMENT_ANALYSIS_UNKNOWN_DEBT","DEFECT_DEBT,UNKNOWN_DEBT",1.0
src/main/java/org/junit/Before.java,"['r4.6', 'r4.7', 'r4.8', 'r4.9', 'r4.10', 'r4.11', 'r4.12', 'master']",8,25.0,0.0,25.0,b5e9885854a0d594451800b9127eb50afb645433a8629da96207e1ce71ead9ba9f85bc324f09bcab5a3a326096cf65a58272ee89a5ef1c164cfd9d3361f06547599bb6b98bca99d5bc457eb20bc17cab45a44647e7306262162e1346b750c3209019f2e1c2e4d911fadfbd64444fb285342a8f1b72336169660a37320badfd6749f453201aeef8f5b15da89064155f8a9babcfcf4263cf4d08253a1556e75481,COMMENT_ANALYSIS_UNKNOWN_DEBTCOMMENT_ANALYSIS_UNKNOWN_DEBTCOMMENT_ANALYSIS_UNKNOWN_DEBTCOMMENT_ANALYSIS_UNKNOWN_DEBTCOMMENT_ANALYSIS_UNKNOWN_DEBTCOMMENT_ANALYSIS_UNKNOWN_DEBTCOMMENT_ANALYSIS_UNKNOWN_DEBTCOMMENT_ANALYSIS_UNKNOWN_DEBT,"UNKNOWN_DEBT,UNKNOWN_DEBT,UNKNOWN_DEBT,UNKNOWN_DEBT,UNKNOWN_DEBT,UNKNOWN_DEBT,UNKNOWN_DEBT,UNKNOWN_DEBT",8.0
src/main/java/org/junit/BeforeClass.java,"['r4.6', 'r4.7', 'r4.8', 'r4.9', 'r4.10', 'r4.11', 'r4.12', 'master']",8,93.5,0.0,93.5,b5e9885854a0d594451800b9127eb50afb645433a8629da96207e1ce71ead9ba9f85bc324f09bcab5a3a326096cf65a58272ee89a5ef1c164cfd9d3361f06547599bb6b98bca99d5bc457eb20bc17cab45a44647e7306262162e1346b750c3209019f2e1c2e4d911fadfbd64444fb285342a8f1b72336169660a37320badfd6749f453201aeef8f5b15da89064155f8a9babcfcf4263cf4d08253a1556e75481,"COMMENT_ANALYSIS_UNKNOWN_DEBT,COMMENT_ANALYSIS_CODE_DEBTCOMMENT_ANALYSIS_UNKNOWN_DEBT,COMMENT_ANALYSIS_CODE_DEBTCOMMENT_ANALYSIS_UNKNOWN_DEBT,COMMENT_ANALYSIS_CODE_DEBTCOMMENT_ANALYSIS_UNKNOWN_DEBT,COMMENT_ANALYSIS_CODE_DEBTCOMMENT_ANALYSIS_UNKNOWN_DEBT,COMMENT_ANALYSIS_CODE_DEBTCOMMENT_ANALYSIS_UNKNOWN_DEBT,COMMENT_ANALYSIS_CODE_DEBTCOMMENT_ANALYSIS_UNKNOWN_DEBT,COMMENT_ANALYSIS_CODE_DEBTCOMMENT_ANALYSIS_UNKNOWN_DEBT,COMMENT_ANALYSIS_CODE_DEBT","UNKNOWN_DEBT,CODE_DEBT,UNKNOWN_DEBT,CODE_DEBT,UNKNOWN_DEBT,CODE_DEBT,UNKNOWN_DEBT,CODE_DEBT,UNKNOWN_DEBT,CODE_DEBT,UNKNOWN_DEBT,CODE_DEBT,CODE_DEBT,UNKNOWN_DEBT,UNKNOWN_DEBT,CODE_DEBT",8.0
src/main/java/org/junit/ClassRule.java,"['r4.9', 'r4.10', 'r4.11', 'r4.12', 'master']",5,31.0,0.0,31.0,61f06547599bb6b98bca99d5bc457eb20bc17cab45a44647e7306262162e1346b750c3209019f2e1c2e4d911fadfbd64444fb285342a8f1b72336169660a37320badfd6749f453201aeef8f5b15da89064155f8a9babcfcf4263cf4d08253a1556e75481,COMMENT_ANALYSIS_UNKNOWN_DEBTCOMMENT_ANALYSIS_UNKNOWN_DEBTCOMMENT_ANALYSIS_UNKNOWN_DEBTCOMMENT_ANALYSIS_UNKNOWN_DEBTCOMMENT_ANALYSIS_UNKNOWN_DEBT,"UNKNOWN_DEBT,UNKNOWN_DEBT,UNKNOWN_DEBT,UNKNOWN_DEBT,UNKNOWN_DEBT",5.0
src/main/java/org/junit/ComparisonFailure.java,"['r4.6', 'r4.7', 'r4.8', 'r4.9', 'r4.10', 'r4.11', 'r4.12', 'master']",8,53.5,0.0,53.5,b5e9885854a0d594451800b9127eb50afb645433a8629da96207e1ce71ead9ba9f85bc324f09bcab5a3a326096cf65a58272ee89a5ef1c164cfd9d3361f06547599bb6b98bca99d5bc457eb20bc17cab45a44647e7306262162e1346b750c3209019f2e1c2e4d911fadfbd64444fb285342a8f1b72336169660a37320badfd6749f453201aeef8f5b15da89064155f8a9babcfcf4263cf4d08253a1556e75481,"COMMENT_ANALYSIS_DEFECT_DEBT,COMMENT_ANALYSIS_UNKNOWN_DEBTCOMMENT_ANALYSIS_DEFECT_DEBT,COMMENT_ANALYSIS_UNKNOWN_DEBTCOMMENT_ANALYSIS_DEFECT_DEBT,COMMENT_ANALYSIS_UNKNOWN_DEBTCOMMENT_ANALYSIS_DEFECT_DEBT,COMMENT_ANALYSIS_UNKNOWN_DEBTCOMMENT_ANALYSIS_DEFECT_DEBT,COMMENT_ANALYSIS_UNKNOWN_DEBTCOMMENT_ANALYSIS_DEFECT_DEBT,COMMENT_ANALYSIS_UNKNOWN_DEBTCOMMENT_ANALYSIS_DEFECT_DEBT,COMMENT_ANALYSIS_UNKNOWN_DEBTCOMMENT_ANALYSIS_DEFECT_DEBT,COMMENT_ANALYSIS_UNKNOWN_DEBT","UNKNOWN_DEBT,DESIGN_DEBT,CODE_DEBT,,UNKNOWN_DEBT,DESIGN_DEBT,CODE_DEBT,,UNKNOWN_DEBT,DESIGN_DEBT,CODE_DEBT,,UNKNOWN_DEBT,DESIGN_DEBT,CODE_DEBT,,UNKNOWN_DEBT,DESIGN_DEBT,CODE_DEBT,,UNKNOWN_DEBT,DESIGN_DEBT,CODE_DEBT,,DEFECT_DEBT,UNKNOWN_DEBT,UNKNOWN_DEBT,DEFECT_DEBT",8.0
src/main/java/org/junit/FixMethodOrder.java,"['r4.12', 'master']",2,10.0,0.0,10.0,660a37320badfd6749f453201aeef8f5b15da89064155f8a9babcfcf4263cf4d08253a1556e75481,"COMMENT_ANALYSIS_DEFECT_DEBT,COMMENT_ANALYSIS_UNKNOWN_DEBTCOMMENT_ANALYSIS_DEFECT_DEBT,COMMENT_ANALYSIS_UNKNOWN_DEBT","DEFECT_DEBT,UNKNOWN_DEBT,UNKNOWN_DEBT,DEFECT_DEBT",2.0
src/main/java/org/junit/Ignore.java,"['r4.6', 'r4.7', 'r4.8', 'r4.9', 'r4.10', 'r4.11', 'r4.12', 'master']",8,45.0,23.04,56.52,b5e9885854a0d594451800b9127eb50afb645433a8629da96207e1ce71ead9ba9f85bc324f09bcab5a3a326096cf65a58272ee89a5ef1c164cfd9d3361f06547599bb6b98bca99d5bc457eb20bc17cab45a44647e7306262162e1346b750c3209019f2e1c2e4d911fadfbd64444fb285342a8f1b72336169660a37320badfd6749f453201aeef8f5b15da89064155f8a9babcfcf4263cf4d08253a1556e75481,COMMENT_ANALYSIS_UNKNOWN_DEBTCOMMENT_ANALYSIS_UNKNOWN_DEBTCOMMENT_ANALYSIS_UNKNOWN_DEBTCOMMENT_ANALYSIS_UNKNOWN_DEBTCOMMENT_ANALYSIS_UNKNOWN_DEBTCOMMENT_ANALYSIS_UNKNOWN_DEBTCOMMENT_ANALYSIS_UNKNOWN_DEBTCOMMENT_ANALYSIS_UNKNOWN_DEBT,"UNKNOWN_DEBT,UNKNOWN_DEBT,UNKNOWN_DEBT,UNKNOWN_DEBT,UNKNOWN_DEBT,UNKNOWN_DEBT,UNKNOWN_DEBT,UNKNOWN_DEBT",8.0
src/main/java/org/junit/Rule.java,"['r4.7', 'r4.8', 'r4.9', 'r4.10', 'r4.11', 'r4.12', 'master']",7,108.0,13.84,114.92,a8629da96207e1ce71ead9ba9f85bc324f09bcab5a3a326096cf65a58272ee89a5ef1c164cfd9d3361f06547599bb6b98bca99d5bc457eb20bc17cab45a44647e7306262162e1346b750c3209019f2e1c2e4d911fadfbd64444fb285342a8f1b72336169660a37320badfd6749f453201aeef8f5b15da89064155f8a9babcfcf4263cf4d08253a1556e75481,"COMMENT_ANALYSIS_UNKNOWN_DEBTCOMMENT_ANALYSIS_UNKNOWN_DEBTCOMMENT_ANALYSIS_DESIGN_DEBT,COMMENT_ANALYSIS_DEFECT_DEBT,COMMENT_ANALYSIS_CODE_DEBT,COMMENT_ANALYSIS_DESIGN_DEBT,COMMENT_ANALYSIS_DEFECT_DEBT,COMMENT_ANALYSIS_CODE_DEBT,COMMENT_ANALYSIS_DESIGN_DEBT,COMMENT_ANALYSIS_DEFECT_DEBT,COMMENT_ANALYSIS_CODE_DEBT,COMMENT_ANALYSIS_DESIGN_DEBT,COMMENT_ANALYSIS_DEFECT_DEBT,COMMENT_ANALYSIS_CODE_DEBT,COMMENT_ANALYSIS_DESIGN_DEBT,COMMENT_ANALYSIS_DEFECT_DEBT,COMMENT_ANALYSIS_CODE_DEBT,","UNKNOWN_DEBT,UNKNOWN_DEBT,UNKNOWN_DEBT,DESIGN_DEBT,CODE_DEBT,,UNKNOWN_DEBT,DESIGN_DEBT,CODE_DEBT,,UNKNOWN_DEBT,DESIGN_DEBT,CODE_DEBT,,DEFECT_DEBT,CODE_DEBT,DESIGN_DEBT,,UNKNOWN_DEBT,CODE_DEBT,DESIGN_DEBT,",7.0
src/main/java/org/junit/Test.java,"['r4.6', 'r4.7', 'r4.8', 'r4.9', 'r4.10', 'r4.11', 'r4.12', 'master']",8,162.0,11.52,168.39999999999998,b5e9885854a0d594451800b9127eb50afb645433a8629da96207e1ce71ead9ba9f85bc324f09bcab5a3a326096cf65a58272ee89a5ef1c164cfd9d3361f06547599bb6b98bca99d5bc457eb20bc17cab45a44647e7306262162e1346b750c3209019f2e1c2e4d911fadfbd64444fb285342a8f1b72336169660a37320badfd6749f453201aeef8f5b15da89064155f8a9babcfcf4263cf4d08253a1556e75481,"COMMENT_ANALYSIS_DEFECT_DEBT,COMMENT_ANALYSIS_UNKNOWN_DEBTCOMMENT_ANALYSIS_DEFECT_DEBT,COMMENT_ANALYSIS_UNKNOWN_DEBTCOMMENT_ANALYSIS_DEFECT_DEBT,COMMENT_ANALYSIS_UNKNOWN_DEBTCOMMENT_ANALYSIS_DEFECT_DEBT,COMMENT_ANALYSIS_UNKNOWN_DEBTCOMMENT_ANALYSIS_DEFECT_DEBT,COMMENT_ANALYSIS_UNKNOWN_DEBTCOMMENT_ANALYSIS_DEFECT_DEBT,COMMENT_ANALYSIS_UNKNOWN_DEBTCOMMENT_ANALYSIS_DEFECT_DEBT,COMMENT_ANALYSIS_UNKNOWN_DEBTCOMMENT_ANALYSIS_DEFECT_DEBT,COMMENT_ANALYSIS_UNKNOWN_DEBT","UNKNOWN_DEBT,DEFECT_DEBT,UNKNOWN_DEBT,DEFECT_DEBT,UNKNOWN_DEBT,DEFECT_DEBT,UNKNOWN_DEBT,DEFECT_DEBT,UNKNOWN_DEBT,DEFECT_DEBT,UNKNOWN_DEBT,DEFECT_DEBT,DEFECT_DEBT,UNKNOWN_DEBT,UNKNOWN_DEBT,DEFECT_DEBT",8.0
src/main/java/org/junit/TestCouldNotBeSkippedException.java,['master'],1,7.0,0.0,7.0,660a37320badfd6749f453201aeef8f5b15da890,COMMENT_ANALYSIS_UNKNOWN_DEBT,UNKNOWN_DEBT,1.0
src/main/java/org/junit/experimental/categories/Categories.java,"['r4.9', 'r4.10', 'r4.11', 'r4.12', 'master']",5,24.0,0.0,24.0,61f06547599bb6b98bca99d5bc457eb20bc17cab45a44647e7306262162e1346b750c3209019f2e1c2e4d911fadfbd64444fb285342a8f1b72336169660a37320badfd6749f453201aeef8f5b15da89064155f8a9babcfcf4263cf4d08253a1556e75481,"COMMENT_ANALYSIS_UNKNOWN_DEBT,COMMENT_ANALYSIS_CODE_DEBTCOMMENT_ANALYSIS_UNKNOWN_DEBT,COMMENT_ANALYSIS_CODE_DEBTCOMMENT_ANALYSIS_UNKNOWN_DEBT,COMMENT_ANALYSIS_CODE_DEBTGOD_CLASS,COMMENT_ANALYSIS_UNKNOWN_DEBTGOD_CLASS,COMMENT_ANALYSIS_UNKNOWN_DEBT","UNKNOWN_DEBT,CODE_DEBT,UNKNOWN_DEBT,CODE_DEBT,UNKNOWN_DEBT,CODE_DEBT,CODE_DEBT,UNKNOWN_DEBT,UNKNOWN_DEBT,CODE_DEBT",5.0
src/main/java/org/junit/experimental/categories/CategoryValidator.java,"['r4.12', 'master']",2,8.0,2.56,9.280000000000001,660a37320badfd6749f453201aeef8f5b15da89064155f8a9babcfcf4263cf4d08253a1556e75481,COMMENT_ANALYSIS_UNKNOWN_DEBTCOMMENT_ANALYSIS_UNKNOWN_DEBT,"UNKNOWN_DEBT,UNKNOWN_DEBT",2.0
src/main/java/org/junit/experimental/max/MaxCore.java,"['r4.6', 'r4.7', 'r4.8', 'r4.9', 'r4.10', 'r4.11', 'r4.12', 'master']",8,126.072,6.3999999999999995,131.192,b5e9885854a0d594451800b9127eb50afb645433a8629da96207e1ce71ead9ba9f85bc324f09bcab5a3a326096cf65a58272ee89a5ef1c164cfd9d3361f06547599bb6b98bca99d5bc457eb20bc17cab45a44647e7306262162e1346b750c3209019f2e1c2e4d911fadfbd64444fb285342a8f1b72336169660a37320badfd6749f453201aeef8f5b15da890,"COMMENT_ANALYSIS_UNKNOWN_DEBTCOMMENT_ANALYSIS_UNKNOWN_DEBT,COMMENT_ANALYSIS_CODE_DEBTCOMMENT_ANALYSIS_UNKNOWN_DEBT,COMMENT_ANALYSIS_CODE_DEBTCOMMENT_ANALYSIS_UNKNOWN_DEBT,COMMENT_ANALYSIS_CODE_DEBTCOMMENT_ANALYSIS_UNKNOWN_DEBT,COMMENT_ANALYSIS_CODE_DEBTCOMMENT_ANALYSIS_UNKNOWN_DEBT,COMMENT_ANALYSIS_CODE_DEBTCOMMENT_ANALYSIS_UNKNOWN_DEBT,COMMENT_ANALYSIS_CODE_DEBT","UNKNOWN_DEBT,UNKNOWN_DEBT,CODE_DEBT,UNKNOWN_DEBT,CODE_DEBT,UNKNOWN_DEBT,CODE_DEBT,UNKNOWN_DEBT,CODE_DEBT,UNKNOWN_DEBT,CODE_DEBT,CODE_DEBT,UNKNOWN_DEBT",7.0
src/main/java/org/junit/experimental/max/MaxHistory.java,"['r4.6', 'r4.7', 'r4.8', 'r4.9', 'r4.10', 'r4.11', 'r4.12', 'master']",8,35.036,0.0,35.036,b5e9885854a0d594451800b9127eb50afb645433a8629da96207e1ce71ead9ba9f85bc324f09bcab5a3a326096cf65a58272ee89a5ef1c164cfd9d3361f06547599bb6b98bca99d5bc457eb20bc17cab45a44647e7306262162e1346b750c3209019f2e1c2e4d911fadfbd64444fb285342a8f1b72336169660a37320badfd6749f453201aeef8f5b15da89064155f8a9babcfcf4263cf4d08253a1556e75481,COMMENT_ANALYSIS_UNKNOWN_DEBTCOMMENT_ANALYSIS_UNKNOWN_DEBTCOMMENT_ANALYSIS_UNKNOWN_DEBTCOMMENT_ANALYSIS_UNKNOWN_DEBTCOMMENT_ANALYSIS_UNKNOWN_DEBTCOMMENT_ANALYSIS_UNKNOWN_DEBTCOMMENT_ANALYSIS_UNKNOWN_DEBTCOMMENT_ANALYSIS_UNKNOWN_DEBT,"UNKNOWN_DEBT,UNKNOWN_DEBT,UNKNOWN_DEBT,UNKNOWN_DEBT,UNKNOWN_DEBT,UNKNOWN_DEBT,UNKNOWN_DEBT,UNKNOWN_DEBT",8.0
src/main/java/org/junit/experimental/results/PrintableResult.java,"['r4.7', 'r4.8', 'r4.9', 'r4.10', 'r4.11', 'r4.12', 'master']",7,24.0,0.0,24.0,a8629da96207e1ce71ead9ba9f85bc324f09bcab5a3a326096cf65a58272ee89a5ef1c164cfd9d3361f06547599bb6b98bca99d5bc457eb20bc17cab45a44647e7306262162e1346b750c3209019f2e1c2e4d911fadfbd64444fb285342a8f1b72336169660a37320badfd6749f453201aeef8f5b15da89064155f8a9babcfcf4263cf4d08253a1556e75481,COMMENT_ANALYSIS_DEFECT_DEBTCOMMENT_ANALYSIS_DEFECT_DEBTCOMMENT_ANALYSIS_DEFECT_DEBTCOMMENT_ANALYSIS_DEFECT_DEBTCOMMENT_ANALYSIS_DEFECT_DEBTCOMMENT_ANALYSIS_DEFECT_DEBTCOMMENT_ANALYSIS_DEFECT_DEBT,"DEFECT_DEBT,DEFECT_DEBT,DEFECT_DEBT,DEFECT_DEBT,DEFECT_DEBT,DEFECT_DEBT,DEFECT_DEBT",7.0
src/main/java/org/junit/experimental/results/ResultMatchers.java,['master'],1,6.0,0.0,6.0,660a37320badfd6749f453201aeef8f5b15da890,"COMMENT_ANALYSIS_UNKNOWN_DEBT,COMMENT_ANALYSIS_CODE_DEBT","CODE_DEBT,UNKNOWN_DEBT",1.0
src/main/java/org/junit/experimental/runners/Enclosed.java,"['r4.6', 'r4.7', 'r4.8', 'r4.9', 'r4.10', 'r4.11', 'r4.12', 'master']",8,25.0,0.0,25.0,b5e9885854a0d594451800b9127eb50afb645433a8629da96207e1ce71ead9ba9f85bc324f09bcab5a3a326096cf65a58272ee89a5ef1c164cfd9d3361f06547599bb6b98bca99d5bc457eb20bc17cab45a44647e7306262162e1346b750c3209019f2e1c2e4d911fadfbd64444fb285342a8f1b72336169660a37320badfd6749f453201aeef8f5b15da89064155f8a9babcfcf4263cf4d08253a1556e75481,COMMENT_ANALYSIS_UNKNOWN_DEBTCOMMENT_ANALYSIS_UNKNOWN_DEBTCOMMENT_ANALYSIS_UNKNOWN_DEBTCOMMENT_ANALYSIS_UNKNOWN_DEBTCOMMENT_ANALYSIS_UNKNOWN_DEBTCOMMENT_ANALYSIS_UNKNOWN_DEBTCOMMENT_ANALYSIS_UNKNOWN_DEBTCOMMENT_ANALYSIS_UNKNOWN_DEBT,"UNKNOWN_DEBT,UNKNOWN_DEBT,UNKNOWN_DEBT,UNKNOWN_DEBT,UNKNOWN_DEBT,UNKNOWN_DEBT,UNKNOWN_DEBT,UNKNOWN_DEBT",8.0
src/main/java/org/junit/experimental/theories/DataPoint.java,"['r4.12', 'master']",2,10.0,4.8,12.4,660a37320badfd6749f453201aeef8f5b15da89064155f8a9babcfcf4263cf4d08253a1556e75481,COMMENT_ANALYSIS_UNKNOWN_DEBTCOMMENT_ANALYSIS_UNKNOWN_DEBT,"UNKNOWN_DEBT,UNKNOWN_DEBT",2.0
src/main/java/org/junit/experimental/theories/DataPoints.java,"['r4.12', 'master']",2,20.0,0.0,20.0,660a37320badfd6749f453201aeef8f5b15da89064155f8a9babcfcf4263cf4d08253a1556e75481,"COMMENT_ANALYSIS_UNKNOWN_DEBT,COMMENT_ANALYSIS_CODE_DEBTCOMMENT_ANALYSIS_UNKNOWN_DEBT,COMMENT_ANALYSIS_CODE_DEBT","CODE_DEBT,UNKNOWN_DEBT,UNKNOWN_DEBT,CODE_DEBT",2.0
src/main/java/org/junit/experimental/theories/FromDataPoints.java,"['r4.12', 'master']",2,18.0,0.0,18.0,660a37320badfd6749f453201aeef8f5b15da89064155f8a9babcfcf4263cf4d08253a1556e75481,COMMENT_ANALYSIS_UNKNOWN_DEBTCOMMENT_ANALYSIS_UNKNOWN_DEBT,"UNKNOWN_DEBT,UNKNOWN_DEBT",2.0
src/main/java/org/junit/experimental/theories/ParametersSuppliedBy.java,"['r4.12', 'master']",2,4.0,0.0,4.0,660a37320badfd6749f453201aeef8f5b15da890,COMMENT_ANALYSIS_UNKNOWN_DEBT,UNKNOWN_DEBT,1.0
src/main/java/org/junit/experimental/theories/Theories.java,"['r4.12', 'master']",2,24.5,8.64,28.82,660a37320badfd6749f453201aeef8f5b15da890,"GOD_CLASS,COMMENT_ANALYSIS_DEFECT_DEBT,COMMENT_ANALYSIS_TEST_DEBT,","DEFECT_DEBT,CODE_DEBT,UNKNOWN_DEBT,DESIGN_DEBT",1.0
src/main/java/org/junit/experimental/theories/Theory.java,"['r4.12', 'master']",2,5.0,2.56,6.28,660a37320badfd6749f453201aeef8f5b15da89064155f8a9babcfcf4263cf4d08253a1556e75481,COMMENT_ANALYSIS_UNKNOWN_DEBTCOMMENT_ANALYSIS_UNKNOWN_DEBT,"UNKNOWN_DEBT,UNKNOWN_DEBT",2.0
src/main/java/org/junit/experimental/theories/internal/Assignments.java,"['r4.7', 'r4.8', 'r4.9', 'r4.10', 'r4.11', 'r4.12', 'master']",7,20.0,18.08,29.04,a8629da96207e1ce71ead9ba9f85bc324f09bcab5a3a326096cf65a58272ee89a5ef1c164cfd9d3361f06547599bb6b98bca99d5bc457eb20bc17cab45a44647e7306262162e1346b750c3209019f2e1c2e4d911fadfbd64444fb285342a8f1b72336169660a37320badfd6749f453201aeef8f5b15da890,COMMENT_ANALYSIS_UNKNOWN_DEBTCOMMENT_ANALYSIS_UNKNOWN_DEBTCOMMENT_ANALYSIS_UNKNOWN_DEBTCOMMENT_ANALYSIS_UNKNOWN_DEBTCOMMENT_ANALYSIS_UNKNOWN_DEBTCOMMENT_ANALYSIS_UNKNOWN_DEBT,"UNKNOWN_DEBT,UNKNOWN_DEBT,UNKNOWN_DEBT,UNKNOWN_DEBT,UNKNOWN_DEBT,UNKNOWN_DEBT",6.0
src/main/java/org/junit/experimental/theories/suppliers/TestedOn.java,"['r4.12', 'master']",2,4.0,0.0,4.0,660a37320badfd6749f453201aeef8f5b15da89064155f8a9babcfcf4263cf4d08253a1556e75481,COMMENT_ANALYSIS_UNKNOWN_DEBTCOMMENT_ANALYSIS_UNKNOWN_DEBT,"UNKNOWN_DEBT,UNKNOWN_DEBT",2.0
src/main/java/org/junit/function/ThrowingRunnable.java,['master'],1,3.0,0.0,3.0,660a37320badfd6749f453201aeef8f5b15da890,COMMENT_ANALYSIS_REQUIREMENT_DEBT,REQUIREMENT_DEBT,1.0
src/main/java/org/junit/internal/ArrayComparisonFailure.java,"['r4.6', 'r4.7', 'r4.8', 'r4.9', 'r4.10', 'r4.11', 'r4.12', 'master']",8,27.0,0.0,27.0,b5e9885854a0d594451800b9127eb50afb645433a8629da96207e1ce71ead9ba9f85bc324f09bcab5a3a326096cf65a58272ee89a5ef1c164cfd9d3361f06547599bb6b98bca99d5bc457eb20bc17cab45a44647e7306262162e1346b750c3209019f2e1c2e4d911fadfbd64444fb285342a8f1b72336169660a37320badfd6749f453201aeef8f5b15da89064155f8a9babcfcf4263cf4d08253a1556e75481,COMMENT_ANALYSIS_DEFECT_DEBTCOMMENT_ANALYSIS_DEFECT_DEBTCOMMENT_ANALYSIS_DEFECT_DEBTCOMMENT_ANALYSIS_DEFECT_DEBTCOMMENT_ANALYSIS_DEFECT_DEBTCOMMENT_ANALYSIS_DEFECT_DEBTCOMMENT_ANALYSIS_DEFECT_DEBTCOMMENT_ANALYSIS_DEFECT_DEBT,"DEFECT_DEBT,DEFECT_DEBT,DEFECT_DEBT,DEFECT_DEBT,DEFECT_DEBT,DEFECT_DEBT,DEFECT_DEBT,DEFECT_DEBT",8.0
src/main/java/org/junit/internal/AssumptionViolatedException.java,"['r4.12', 'master']",2,50.0,2.56,51.28,660a37320badfd6749f453201aeef8f5b15da89064155f8a9babcfcf4263cf4d08253a1556e75481,"COMMENT_ANALYSIS_DEFECT_DEBT,COMMENT_ANALYSIS_UNKNOWN_DEBTCOMMENT_ANALYSIS_DEFECT_DEBT,COMMENT_ANALYSIS_UNKNOWN_DEBT","DEFECT_DEBT,CODE_DEBT,UNKNOWN_DEBT,CODE_DEBT",2.0
src/main/java/org/junit/internal/ComparisonCriteria.java,['r4.7'],1,1.88,0.0,1.88,a8629da96207e1ce71ead9ba9f85bc324f09bcab660a37320badfd6749f453201aeef8f5b15da890,COMMENT_ANALYSIS_UNKNOWN_DEBTCOMPLEX_METHOD,"UNKNOWN_DEBT,CODE_DEBT,DESIGN_DEBT",2.0
src/main/java/org/junit/internal/InexactComparisonCriteria.java,"['r4.6', 'r4.7']",2,19.416,0.0,19.416,b5e9885854a0d594451800b9127eb50afb645433a8629da96207e1ce71ead9ba9f85bc324f09bcab,"COMMENT_ANALYSIS_DEFECT_DEBT,COMMENT_ANALYSIS_UNKNOWN_DEBTCOMMENT_ANALYSIS_UNKNOWN_DEBT","UNKNOWN_DEBT,DEFECT_DEBT,UNKNOWN_DEBT",2.0
src/main/java/org/junit/internal/JUnitSystem.java,"['r4.12', 'master']",2,5.0,2.56,6.28,660a37320badfd6749f453201aeef8f5b15da89064155f8a9babcfcf4263cf4d08253a1556e75481,COMMENT_ANALYSIS_UNKNOWN_DEBTCOMMENT_ANALYSIS_UNKNOWN_DEBT,"UNKNOWN_DEBT,UNKNOWN_DEBT",2.0
src/main/java/org/junit/internal/Throwables.java,"['r4.12', 'master']",2,6.0,2.56,7.280000000000001,660a37320badfd6749f453201aeef8f5b15da890,COMMENT_ANALYSIS_UNKNOWN_DEBT,UNKNOWN_DEBT,1.0
src/main/java/org/junit/internal/builders/AllDefaultPossibilitiesBuilder.java,['master'],1,3.5,0.0,3.5,660a37320badfd6749f453201aeef8f5b15da890,COMMENT_ANALYSIS_CODE_DEBT,CODE_DEBT,1.0
src/main/java/org/junit/internal/builders/AnnotatedBuilder.java,"['r4.12', 'master']",2,12.5,4.8,14.9,660a37320badfd6749f453201aeef8f5b15da89064155f8a9babcfcf4263cf4d08253a1556e75481,COMMENT_ANALYSIS_UNKNOWN_DEBTCOMMENT_ANALYSIS_UNKNOWN_DEBT,"UNKNOWN_DEBT,UNKNOWN_DEBT",2.0
src/main/java/org/junit/internal/management/ManagementFactory.java,['master'],1,2.5,0.0,2.5,660a37320badfd6749f453201aeef8f5b15da890,COMMENT_ANALYSIS_UNKNOWN_DEBT,UNKNOWN_DEBT,1.0
src/main/java/org/junit/internal/management/ReflectiveRuntimeMXBean.java,['master'],1,7.5,0.0,7.5,660a37320badfd6749f453201aeef8f5b15da890,COMMENT_ANALYSIS_UNKNOWN_DEBT,UNKNOWN_DEBT,1.0
src/main/java/org/junit/internal/management/ReflectiveThreadMXBean.java,['master'],1,7.5,0.0,7.5,660a37320badfd6749f453201aeef8f5b15da890,COMMENT_ANALYSIS_UNKNOWN_DEBT,UNKNOWN_DEBT,1.0
src/main/java/org/junit/internal/matchers/StacktracePrintingMatcher.java,['master'],1,3.5,0.0,3.5,660a37320badfd6749f453201aeef8f5b15da890,COMMENT_ANALYSIS_CODE_DEBT,CODE_DEBT,1.0
src/main/java/org/junit/internal/matchers/ThrowableCauseMatcher.java,['master'],1,3.5,0.0,3.5,660a37320badfd6749f453201aeef8f5b15da890,COMMENT_ANALYSIS_CODE_DEBT,CODE_DEBT,1.0
src/main/java/org/junit/internal/matchers/TypeSafeMatcher.java,"['r4.6', 'r4.7', 'r4.8', 'r4.9', 'r4.10', 'r4.11', 'r4.12', 'master']",8,92.0,20.16,108.56,b5e9885854a0d594451800b9127eb50afb645433a8629da96207e1ce71ead9ba9f85bc324f09bcab5a3a326096cf65a58272ee89a5ef1c164cfd9d3361f06547599bb6b98bca99d5bc457eb20bc17cab45a44647e7306262162e1346b750c3209019f2e1c2e4d911fadfbd64444fb285342a8f1b72336169660a37320badfd6749f453201aeef8f5b15da89064155f8a9babcfcf4263cf4d08253a1556e75481,"COMMENT_ANALYSIS_UNKNOWN_DEBT,COMMENT_ANALYSIS_REQUIREMENT_DEBTCOMMENT_ANALYSIS_UNKNOWN_DEBT,COMMENT_ANALYSIS_REQUIREMENT_DEBTCOMMENT_ANALYSIS_UNKNOWN_DEBT,COMMENT_ANALYSIS_REQUIREMENT_DEBTCOMMENT_ANALYSIS_UNKNOWN_DEBT,COMMENT_ANALYSIS_REQUIREMENT_DEBTCOMMENT_ANALYSIS_UNKNOWN_DEBT,COMMENT_ANALYSIS_REQUIREMENT_DEBTCOMMENT_ANALYSIS_UNKNOWN_DEBT,COMMENT_ANALYSIS_REQUIREMENT_DEBTCOMMENT_ANALYSIS_UNKNOWN_DEBT,COMMENT_ANALYSIS_REQUIREMENT_DEBTCOMMENT_ANALYSIS_UNKNOWN_DEBT,COMMENT_ANALYSIS_REQUIREMENT_DEBT","UNKNOWN_DEBT,REQUIREMENT_DEBT,UNKNOWN_DEBT,REQUIREMENT_DEBT,UNKNOWN_DEBT,REQUIREMENT_DEBT,UNKNOWN_DEBT,REQUIREMENT_DEBT,UNKNOWN_DEBT,REQUIREMENT_DEBT,UNKNOWN_DEBT,REQUIREMENT_DEBT,REQUIREMENT_DEBT,CODE_DEBT,UNKNOWN_DEBT,REQUIREMENT_DEBT",8.0
src/main/java/org/junit/internal/requests/ClassRequest.java,"['r4.12', 'master']",2,6.0,0.0,6.0,660a37320badfd6749f453201aeef8f5b15da89064155f8a9babcfcf4263cf4d08253a1556e75481,COMMENT_ANALYSIS_UNKNOWN_DEBTCOMMENT_ANALYSIS_UNKNOWN_DEBT,"UNKNOWN_DEBT,UNKNOWN_DEBT",2.0
src/main/java/org/junit/internal/runners/ClassRoadie.java,"['r4.6', 'r4.7', 'r4.8', 'r4.9', 'r4.10', 'r4.11', 'r4.12', 'master']",8,60.0,11.52,65.76,b5e9885854a0d594451800b9127eb50afb645433a8629da96207e1ce71ead9ba9f85bc324f09bcab5a3a326096cf65a58272ee89a5ef1c164cfd9d3361f06547599bb6b98bca99d5bc457eb20bc17cab45a44647e7306262162e1346b750c3209019f2e1c2e4d911fadfbd64444fb285342a8f1b72336169660a37320badfd6749f453201aeef8f5b15da89064155f8a9babcfcf4263cf4d08253a1556e75481,"COMMENT_ANALYSIS_UNKNOWN_DEBT,COMMENT_ANALYSIS_CODE_DEBTCOMMENT_ANALYSIS_UNKNOWN_DEBT,COMMENT_ANALYSIS_CODE_DEBTCOMMENT_ANALYSIS_UNKNOWN_DEBT,COMMENT_ANALYSIS_CODE_DEBTCOMMENT_ANALYSIS_UNKNOWN_DEBT,COMMENT_ANALYSIS_CODE_DEBTCOMMENT_ANALYSIS_UNKNOWN_DEBT,COMMENT_ANALYSIS_CODE_DEBTCOMMENT_ANALYSIS_UNKNOWN_DEBT,COMMENT_ANALYSIS_CODE_DEBTCOMMENT_ANALYSIS_UNKNOWN_DEBT,COMMENT_ANALYSIS_CODE_DEBTCOMMENT_ANALYSIS_UNKNOWN_DEBT,COMMENT_ANALYSIS_CODE_DEBT","UNKNOWN_DEBT,CODE_DEBT,UNKNOWN_DEBT,CODE_DEBT,UNKNOWN_DEBT,CODE_DEBT,UNKNOWN_DEBT,CODE_DEBT,UNKNOWN_DEBT,CODE_DEBT,UNKNOWN_DEBT,CODE_DEBT,CODE_DEBT,UNKNOWN_DEBT,UNKNOWN_DEBT,CODE_DEBT",8.0
src/main/java/org/junit/internal/runners/JUnit38ClassRunner.java,['r4.6'],1,20.036,0.0,20.036,b5e9885854a0d594451800b9127eb50afb645433,"COMMENT_ANALYSIS_UNKNOWN_DEBT,COMMENT_ANALYSIS_CODE_DEBT","UNKNOWN_DEBT,CODE_DEBT",1.0
src/main/java/org/junit/internal/runners/JUnit4ClassRunner.java,"['r4.6', 'r4.7', 'r4.8', 'r4.9', 'r4.10', 'r4.11']",6,48.0,8.96,52.480000000000004,b5e9885854a0d594451800b9127eb50afb645433a8629da96207e1ce71ead9ba9f85bc324f09bcab5a3a326096cf65a58272ee89a5ef1c164cfd9d3361f06547599bb6b98bca99d5bc457eb20bc17cab45a44647e7306262162e1346b750c3209019f2e1c2e4d911fadfbd64444fb285342a8f1b72336169,"COMMENT_ANALYSIS_UNKNOWN_DEBT,COMMENT_ANALYSIS_CODE_DEBTCOMMENT_ANALYSIS_UNKNOWN_DEBT,COMMENT_ANALYSIS_CODE_DEBTCOMMENT_ANALYSIS_UNKNOWN_DEBT,COMMENT_ANALYSIS_CODE_DEBTCOMMENT_ANALYSIS_UNKNOWN_DEBT,COMMENT_ANALYSIS_CODE_DEBTCOMMENT_ANALYSIS_UNKNOWN_DEBT,COMMENT_ANALYSIS_CODE_DEBTCOMMENT_ANALYSIS_UNKNOWN_DEBT,COMMENT_ANALYSIS_CODE_DEBT","UNKNOWN_DEBT,CODE_DEBT,UNKNOWN_DEBT,CODE_DEBT,UNKNOWN_DEBT,CODE_DEBT,UNKNOWN_DEBT,CODE_DEBT,UNKNOWN_DEBT,CODE_DEBT,UNKNOWN_DEBT,CODE_DEBT",6.0
src/main/java/org/junit/internal/runners/model/EachTestNotifier.java,['master'],1,7.5,0.0,7.5,660a37320badfd6749f453201aeef8f5b15da890,"COMMENT_ANALYSIS_DEFECT_DEBT,COMMENT_ANALYSIS_UNKNOWN_DEBT","DEFECT_DEBT,UNKNOWN_DEBT",1.0
src/main/java/org/junit/internal/runners/rules/RuleMemberValidator.java,"['r4.12', 'master']",2,48.0,0.0,48.0,660a37320badfd6749f453201aeef8f5b15da890,COMMENT_ANALYSIS_UNKNOWN_DEBT,UNKNOWN_DEBT,1.0
src/main/java/org/junit/internal/runners/statements/FailOnTimeout.java,"['r4.12', 'master']",2,19.0,6.08,25.08,660a37320badfd6749f453201aeef8f5b15da89064155f8a9babcfcf4263cf4d08253a1556e75481,"COMMENT_ANALYSIS_UNKNOWN_DEBT,COMMENT_ANALYSIS_CODE_DEBTCOMMENT_ANALYSIS_UNKNOWN_DEBT,COMMENT_ANALYSIS_CODE_DEBT","CODE_DEBT,UNKNOWN_DEBT,UNKNOWN_DEBT,CODE_DEBT",2.0
src/main/java/org/junit/matchers/JUnitMatchers.java,"['r4.6', 'r4.7', 'r4.8', 'r4.9', 'r4.10', 'r4.11', 'r4.12', 'master']",8,79.5,0.0,79.5,b5e9885854a0d594451800b9127eb50afb645433a8629da96207e1ce71ead9ba9f85bc324f09bcab5a3a326096cf65a58272ee89a5ef1c164cfd9d3361f06547599bb6b98bca99d5bc457eb20bc17cab45a44647e7306262162e1346b750c3209019f2e1c2e4d911fadfbd64444fb285342a8f1b72336169660a37320badfd6749f453201aeef8f5b15da890,"COMMENT_ANALYSIS_UNKNOWN_DEBTCOMMENT_ANALYSIS_UNKNOWN_DEBTCOMMENT_ANALYSIS_UNKNOWN_DEBTCOMMENT_ANALYSIS_UNKNOWN_DEBTCOMMENT_ANALYSIS_UNKNOWN_DEBTCOMMENT_ANALYSIS_UNKNOWN_DEBTCOMMENT_ANALYSIS_UNKNOWN_DEBT,COMMENT_ANALYSIS_CODE_DEBT","UNKNOWN_DEBT,UNKNOWN_DEBT,UNKNOWN_DEBT,UNKNOWN_DEBT,UNKNOWN_DEBT,UNKNOWN_DEBT,CODE_DEBT,UNKNOWN_DEBT",7.0
src/main/java/org/junit/rules/DisableOnDebug.java,"['r4.12', 'master']",2,23.0,6.08,26.68,660a37320badfd6749f453201aeef8f5b15da890,COMMENT_ANALYSIS_UNKNOWN_DEBT,UNKNOWN_DEBT,1.0
src/main/java/org/junit/rules/ErrorCollector.java,"['r4.7', 'r4.8', 'r4.9', 'r4.10', 'r4.11', 'r4.12', 'master']",7,144.0,0.0,144.0,a8629da96207e1ce71ead9ba9f85bc324f09bcab5a3a326096cf65a58272ee89a5ef1c164cfd9d3361f06547599bb6b98bca99d5bc457eb20bc17cab45a44647e7306262162e1346b750c3209019f2e1c2e4d911fadfbd64444fb285342a8f1b72336169660a37320badfd6749f453201aeef8f5b15da890,"COMMENT_ANALYSIS_UNKNOWN_DEBT,COMMENT_ANALYSIS_TEST_DEBTCOMMENT_ANALYSIS_UNKNOWN_DEBT,COMMENT_ANALYSIS_TEST_DEBTCOMMENT_ANALYSIS_UNKNOWN_DEBT,COMMENT_ANALYSIS_TEST_DEBTCOMMENT_ANALYSIS_UNKNOWN_DEBT,COMMENT_ANALYSIS_TEST_DEBTCOMMENT_ANALYSIS_UNKNOWN_DEBT,COMMENT_ANALYSIS_TEST_DEBTCOMMENT_ANALYSIS_UNKNOWN_DEBT,COMMENT_ANALYSIS_TEST_DEBT","UNKNOWN_DEBT,TEST_DEBT,UNKNOWN_DEBT,TEST_DEBT,UNKNOWN_DEBT,TEST_DEBT,UNKNOWN_DEBT,TEST_DEBT,UNKNOWN_DEBT,TEST_DEBT,CODE_DEBT,TEST_DEBT",6.0
src/main/java/org/junit/rules/ExpectedException.java,"['r4.7', 'r4.8', 'r4.9', 'r4.10', 'r4.11', 'r4.12', 'master']",7,110.5,21.919999999999998,122.66,a8629da96207e1ce71ead9ba9f85bc324f09bcab5a3a326096cf65a58272ee89a5ef1c164cfd9d3361f06547599bb6b98bca99d5bc457eb20bc17cab45a44647e7306262162e1346b750c3209019f2e1c2e4d911fadfbd64444fb285342a8f1b72336169660a37320badfd6749f453201aeef8f5b15da890,"COMMENT_ANALYSIS_UNKNOWN_DEBTCOMMENT_ANALYSIS_UNKNOWN_DEBTCOMMENT_ANALYSIS_UNKNOWN_DEBTCOMMENT_ANALYSIS_UNKNOWN_DEBTCOMMENT_ANALYSIS_UNKNOWN_DEBTCOMMENT_ANALYSIS_DEFECT_DEBT,COMMENT_ANALYSIS_UNKNOWN_DEBT","UNKNOWN_DEBT,UNKNOWN_DEBT,UNKNOWN_DEBT,UNKNOWN_DEBT,UNKNOWN_DEBT,DEFECT_DEBT,CODE_DEBT",6.0
src/main/java/org/junit/rules/MethodRule.java,"['r4.7', 'r4.8', 'r4.9', 'r4.10', 'r4.11', 'r4.12', 'master']",7,91.0,20.479999999999997,101.24,a8629da96207e1ce71ead9ba9f85bc324f09bcab5a3a326096cf65a58272ee89a5ef1c164cfd9d3361f06547599bb6b98bca99d5bc457eb20bc17cab45a44647e7306262162e1346b750c3209019f2e1c2e4d911fadfbd64444fb285342a8f1b72336169660a37320badfd6749f453201aeef8f5b15da89064155f8a9babcfcf4263cf4d08253a1556e75481,"COMMENT_ANALYSIS_DEFECT_DEBT,COMMENT_ANALYSIS_UNKNOWN_DEBTCOMMENT_ANALYSIS_DEFECT_DEBT,COMMENT_ANALYSIS_UNKNOWN_DEBTCOMMENT_ANALYSIS_DEFECT_DEBT,COMMENT_ANALYSIS_UNKNOWN_DEBTCOMMENT_ANALYSIS_DEFECT_DEBT,COMMENT_ANALYSIS_UNKNOWN_DEBTCOMMENT_ANALYSIS_DEFECT_DEBT,COMMENT_ANALYSIS_UNKNOWN_DEBTCOMMENT_ANALYSIS_UNKNOWN_DEBTCOMMENT_ANALYSIS_DEFECT_DEBT,COMMENT_ANALYSIS_UNKNOWN_DEBT","UNKNOWN_DEBT,DEFECT_DEBT,UNKNOWN_DEBT,DEFECT_DEBT,UNKNOWN_DEBT,DEFECT_DEBT,UNKNOWN_DEBT,DEFECT_DEBT,UNKNOWN_DEBT,DEFECT_DEBT,UNKNOWN_DEBT,UNKNOWN_DEBT,DEFECT_DEBT",7.0
src/main/java/org/junit/rules/RuleChain.java,['master'],1,2.0,1.28,2.64,660a37320badfd6749f453201aeef8f5b15da890,COMMENT_ANALYSIS_UNKNOWN_DEBT,UNKNOWN_DEBT,1.0
src/main/java/org/junit/rules/Stopwatch.java,"['r4.12', 'master']",2,10.0,0.0,10.0,660a37320badfd6749f453201aeef8f5b15da890,COMMENT_ANALYSIS_DEFECT_DEBT,DEFECT_DEBT,1.0
src/main/java/org/junit/rules/TemporaryFolder.java,"['r4.7', 'r4.8', 'r4.9', 'r4.10', 'r4.11', 'r4.12', 'master']",7,212.0,1.28,213.28,a8629da96207e1ce71ead9ba9f85bc324f09bcab5a3a326096cf65a58272ee89a5ef1c164cfd9d3361f06547599bb6b98bca99d5bc457eb20bc17cab45a44647e7306262162e1346b750c3209019f2e1c2e4d911fadfbd64444fb285342a8f1b72336169660a37320badfd6749f453201aeef8f5b15da890,"COMMENT_ANALYSIS_DESIGN_DEBT,COMMENT_ANALYSIS_DEFECT_DEBTCOMMENT_ANALYSIS_DESIGN_DEBT,COMMENT_ANALYSIS_DEFECT_DEBTCOMMENT_ANALYSIS_DESIGN_DEBT,COMMENT_ANALYSIS_DEFECT_DEBTCOMMENT_ANALYSIS_DESIGN_DEBT,COMMENT_ANALYSIS_DEFECT_DEBTCOMMENT_ANALYSIS_DESIGN_DEBT,COMMENT_ANALYSIS_DEFECT_DEBTCOMMENT_ANALYSIS_DESIGN_DEBT,COMMENT_ANALYSIS_DEFECT_DEBT,COMMENT_ANALYSIS_CODE_DEBT,","DESIGN_DEBT,DEFECT_DEBT,DESIGN_DEBT,DEFECT_DEBT,DESIGN_DEBT,DEFECT_DEBT,DESIGN_DEBT,DEFECT_DEBT,DESIGN_DEBT,DEFECT_DEBT,DEFECT_DEBT,CODE_DEBT,DESIGN_DEBT,",6.0
src/main/java/org/junit/rules/TestRule.java,"['r4.9', 'r4.10', 'r4.11', 'r4.12', 'master']",5,117.0,15.360000000000001,124.68,61f06547599bb6b98bca99d5bc457eb20bc17cab45a44647e7306262162e1346b750c3209019f2e1c2e4d911fadfbd64444fb285342a8f1b72336169660a37320badfd6749f453201aeef8f5b15da89064155f8a9babcfcf4263cf4d08253a1556e75481,"COMMENT_ANALYSIS_DEFECT_DEBT,COMMENT_ANALYSIS_UNKNOWN_DEBTCOMMENT_ANALYSIS_DEFECT_DEBT,COMMENT_ANALYSIS_UNKNOWN_DEBTCOMMENT_ANALYSIS_DEFECT_DEBT,COMMENT_ANALYSIS_UNKNOWN_DEBTCOMMENT_ANALYSIS_DEFECT_DEBT,COMMENT_ANALYSIS_UNKNOWN_DEBTCOMMENT_ANALYSIS_DEFECT_DEBT,COMMENT_ANALYSIS_UNKNOWN_DEBT","UNKNOWN_DEBT,DEFECT_DEBT,UNKNOWN_DEBT,DEFECT_DEBT,UNKNOWN_DEBT,DEFECT_DEBT,DEFECT_DEBT,UNKNOWN_DEBT,UNKNOWN_DEBT,DEFECT_DEBT",5.0
src/main/java/org/junit/rules/TestWatcher.java,"['r4.9', 'r4.10', 'r4.11', 'r4.12', 'master']",5,39.5,0.0,39.5,61f06547599bb6b98bca99d5bc457eb20bc17cab45a44647e7306262162e1346b750c3209019f2e1c2e4d911fadfbd64444fb285342a8f1b72336169660a37320badfd6749f453201aeef8f5b15da89064155f8a9babcfcf4263cf4d08253a1556e75481,"COMMENT_ANALYSIS_DEFECT_DEBT,COMMENT_ANALYSIS_UNKNOWN_DEBTCOMMENT_ANALYSIS_DEFECT_DEBT,COMMENT_ANALYSIS_UNKNOWN_DEBTCOMMENT_ANALYSIS_DEFECT_DEBT,COMMENT_ANALYSIS_UNKNOWN_DEBTCOMMENT_ANALYSIS_DEFECT_DEBT,COMMENT_ANALYSIS_UNKNOWN_DEBTCOMMENT_ANALYSIS_DEFECT_DEBT,COMMENT_ANALYSIS_UNKNOWN_DEBT","UNKNOWN_DEBT,DEFECT_DEBT,UNKNOWN_DEBT,DEFECT_DEBT,UNKNOWN_DEBT,DEFECT_DEBT,DEFECT_DEBT,CODE_DEBT,UNKNOWN_DEBT,CODE_DEBT",5.0
src/main/java/org/junit/rules/TestWatchman.java,"['r4.7', 'r4.8', 'r4.9', 'r4.10', 'r4.11', 'r4.12', 'master']",7,85.0,9.04,89.52000000000001,a8629da96207e1ce71ead9ba9f85bc324f09bcab5a3a326096cf65a58272ee89a5ef1c164cfd9d3361f06547599bb6b98bca99d5bc457eb20bc17cab45a44647e7306262162e1346b750c3209019f2e1c2e4d911fadfbd64444fb285342a8f1b72336169660a37320badfd6749f453201aeef8f5b15da890,"COMMENT_ANALYSIS_DEFECT_DEBT,COMMENT_ANALYSIS_UNKNOWN_DEBTCOMMENT_ANALYSIS_DEFECT_DEBT,COMMENT_ANALYSIS_UNKNOWN_DEBTCOMMENT_ANALYSIS_DEFECT_DEBT,COMMENT_ANALYSIS_UNKNOWN_DEBTCOMMENT_ANALYSIS_DEFECT_DEBT,COMMENT_ANALYSIS_UNKNOWN_DEBTCOMMENT_ANALYSIS_DEFECT_DEBT,COMMENT_ANALYSIS_UNKNOWN_DEBTCOMMENT_ANALYSIS_DEFECT_DEBT,COMMENT_ANALYSIS_UNKNOWN_DEBT","UNKNOWN_DEBT,DEFECT_DEBT,UNKNOWN_DEBT,DEFECT_DEBT,UNKNOWN_DEBT,DEFECT_DEBT,UNKNOWN_DEBT,DEFECT_DEBT,UNKNOWN_DEBT,DEFECT_DEBT,DEFECT_DEBT,CODE_DEBT",6.0
src/main/java/org/junit/rules/Timeout.java,"['r4.12', 'master']",2,26.0,8.64,33.36,660a37320badfd6749f453201aeef8f5b15da89064155f8a9babcfcf4263cf4d08253a1556e75481,"COMMENT_ANALYSIS_UNKNOWN_DEBT,COMMENT_ANALYSIS_CODE_DEBTCOMMENT_ANALYSIS_UNKNOWN_DEBT,COMMENT_ANALYSIS_CODE_DEBT","CODE_DEBT,UNKNOWN_DEBT,UNKNOWN_DEBT,CODE_DEBT",2.0
src/main/java/org/junit/runner/Computer.java,"['r4.7', 'r4.8', 'r4.9', 'r4.10', 'r4.11', 'r4.12', 'master']",7,28.5,1.28,29.78,a8629da96207e1ce71ead9ba9f85bc324f09bcab5a3a326096cf65a58272ee89a5ef1c164cfd9d3361f06547599bb6b98bca99d5bc457eb20bc17cab45a44647e7306262162e1346b750c3209019f2e1c2e4d911fadfbd64444fb285342a8f1b72336169660a37320badfd6749f453201aeef8f5b15da890,COMMENT_ANALYSIS_UNKNOWN_DEBTCOMMENT_ANALYSIS_UNKNOWN_DEBTCOMMENT_ANALYSIS_UNKNOWN_DEBTCOMMENT_ANALYSIS_UNKNOWN_DEBTCOMMENT_ANALYSIS_UNKNOWN_DEBTCOMMENT_ANALYSIS_UNKNOWN_DEBT,"UNKNOWN_DEBT,UNKNOWN_DEBT,UNKNOWN_DEBT,UNKNOWN_DEBT,UNKNOWN_DEBT,UNKNOWN_DEBT",6.0
src/main/java/org/junit/runner/Description.java,"['r4.6', 'r4.7', 'r4.8', 'r4.9', 'r4.10', 'r4.11', 'r4.12', 'master']",8,125.0,27.12,149.72000000000003,b5e9885854a0d594451800b9127eb50afb645433a8629da96207e1ce71ead9ba9f85bc324f09bcab5a3a326096cf65a58272ee89a5ef1c164cfd9d3361f06547599bb6b98bca99d5bc457eb20bc17cab45a44647e7306262162e1346b750c3209019f2e1c2e4d911fadfbd64444fb285342a8f1b72336169660a37320badfd6749f453201aeef8f5b15da89064155f8a9babcfcf4263cf4d08253a1556e75481,COMMENT_ANALYSIS_UNKNOWN_DEBTCOMMENT_ANALYSIS_UNKNOWN_DEBTCOMMENT_ANALYSIS_UNKNOWN_DEBTCOMMENT_ANALYSIS_UNKNOWN_DEBTCOMMENT_ANALYSIS_UNKNOWN_DEBTCOMMENT_ANALYSIS_UNKNOWN_DEBTCOMMENT_ANALYSIS_UNKNOWN_DEBTCOMMENT_ANALYSIS_UNKNOWN_DEBT,"UNKNOWN_DEBT,UNKNOWN_DEBT,UNKNOWN_DEBT,UNKNOWN_DEBT,UNKNOWN_DEBT,UNKNOWN_DEBT,UNKNOWN_DEBT,UNKNOWN_DEBT",8.0
src/main/java/org/junit/runner/JUnitCommandLineParseResult.java,"['r4.12', 'master']",2,3.0,0.0,3.0,660a37320badfd6749f453201aeef8f5b15da89064155f8a9babcfcf4263cf4d08253a1556e75481,COMMENT_ANALYSIS_UNKNOWN_DEBTCOMMENT_ANALYSIS_UNKNOWN_DEBT,"UNKNOWN_DEBT,UNKNOWN_DEBT",2.0
src/main/java/org/junit/runner/JUnitCore.java,['r4.6'],1,3.759,0.0,3.759,b5e9885854a0d594451800b9127eb50afb645433,COMMENT_ANALYSIS_UNKNOWN_DEBT,UNKNOWN_DEBT,1.0
src/main/java/org/junit/runner/Request.java,"['r4.6', 'r4.7', 'r4.8', 'r4.9', 'r4.10', 'r4.11', 'r4.12', 'master']",8,97.0,7.04,102.76,b5e9885854a0d594451800b9127eb50afb645433a8629da96207e1ce71ead9ba9f85bc324f09bcab5a3a326096cf65a58272ee89a5ef1c164cfd9d3361f06547599bb6b98bca99d5bc457eb20bc17cab45a44647e7306262162e1346b750c3209019f2e1c2e4d911fadfbd64444fb285342a8f1b72336169660a37320badfd6749f453201aeef8f5b15da890,"COMMENT_ANALYSIS_UNKNOWN_DEBT,COMMENT_ANALYSIS_CODE_DEBTCOMMENT_ANALYSIS_UNKNOWN_DEBT,COMMENT_ANALYSIS_CODE_DEBTCOMMENT_ANALYSIS_UNKNOWN_DEBT,COMMENT_ANALYSIS_CODE_DEBTCOMMENT_ANALYSIS_UNKNOWN_DEBT,COMMENT_ANALYSIS_CODE_DEBTCOMMENT_ANALYSIS_UNKNOWN_DEBT,COMMENT_ANALYSIS_CODE_DEBTCOMMENT_ANALYSIS_UNKNOWN_DEBT,COMMENT_ANALYSIS_CODE_DEBTCOMMENT_ANALYSIS_DEFECT_DEBT,COMMENT_ANALYSIS_UNKNOWN_DEBT","UNKNOWN_DEBT,CODE_DEBT,UNKNOWN_DEBT,CODE_DEBT,UNKNOWN_DEBT,CODE_DEBT,UNKNOWN_DEBT,CODE_DEBT,UNKNOWN_DEBT,CODE_DEBT,UNKNOWN_DEBT,CODE_DEBT,DEFECT_DEBT,UNKNOWN_DEBT",7.0
src/main/java/org/junit/runner/Result.java,"['r4.6', 'r4.7', 'r4.8', 'r4.9', 'r4.10', 'r4.11', 'r4.12', 'master']",8,5.0,19.2,15.8,660a37320badfd6749f453201aeef8f5b15da890,COMMENT_ANALYSIS_DEFECT_DEBT,DEFECT_DEBT,1.0
src/main/java/org/junit/runner/Runner.java,"['r4.6', 'r4.7', 'r4.8', 'r4.9', 'r4.10', 'r4.11', 'r4.12', 'master']",8,50.0,0.0,50.0,b5e9885854a0d594451800b9127eb50afb645433a8629da96207e1ce71ead9ba9f85bc324f09bcab5a3a326096cf65a58272ee89a5ef1c164cfd9d3361f06547599bb6b98bca99d5bc457eb20bc17cab45a44647e7306262162e1346b750c3209019f2e1c2e4d911fadfbd64444fb285342a8f1b72336169660a37320badfd6749f453201aeef8f5b15da89064155f8a9babcfcf4263cf4d08253a1556e75481,COMMENT_ANALYSIS_UNKNOWN_DEBTCOMMENT_ANALYSIS_UNKNOWN_DEBTCOMMENT_ANALYSIS_UNKNOWN_DEBTCOMMENT_ANALYSIS_UNKNOWN_DEBTCOMMENT_ANALYSIS_UNKNOWN_DEBTCOMMENT_ANALYSIS_UNKNOWN_DEBTCOMMENT_ANALYSIS_UNKNOWN_DEBTCOMMENT_ANALYSIS_UNKNOWN_DEBT,"UNKNOWN_DEBT,UNKNOWN_DEBT,UNKNOWN_DEBT,UNKNOWN_DEBT,UNKNOWN_DEBT,UNKNOWN_DEBT,UNKNOWN_DEBT,UNKNOWN_DEBT",8.0
src/main/java/org/junit/runner/manipulation/Filter.java,"['r4.6', 'r4.7', 'r4.8', 'r4.9', 'r4.10', 'r4.11', 'r4.12', 'master']",8,25.0,0.0,25.0,b5e9885854a0d594451800b9127eb50afb645433a8629da96207e1ce71ead9ba9f85bc324f09bcab5a3a326096cf65a58272ee89a5ef1c164cfd9d3361f06547599bb6b98bca99d5bc457eb20bc17cab45a44647e7306262162e1346b750c3209019f2e1c2e4d911fadfbd64444fb285342a8f1b72336169660a37320badfd6749f453201aeef8f5b15da890,COMMENT_ANALYSIS_UNKNOWN_DEBTCOMMENT_ANALYSIS_UNKNOWN_DEBTCOMMENT_ANALYSIS_UNKNOWN_DEBTCOMMENT_ANALYSIS_UNKNOWN_DEBTCOMMENT_ANALYSIS_UNKNOWN_DEBTCOMMENT_ANALYSIS_UNKNOWN_DEBTCOMMENT_ANALYSIS_UNKNOWN_DEBT,"UNKNOWN_DEBT,UNKNOWN_DEBT,UNKNOWN_DEBT,UNKNOWN_DEBT,UNKNOWN_DEBT,UNKNOWN_DEBT,UNKNOWN_DEBT",7.0
src/main/java/org/junit/runner/manipulation/Filterable.java,"['r4.6', 'r4.7', 'r4.8', 'r4.9', 'r4.10', 'r4.11', 'r4.12', 'master']",8,0.0,21.599999999999998,10.799999999999999,,,,
src/main/java/org/junit/runner/manipulation/Sortable.java,"['r4.6', 'r4.7', 'r4.8', 'r4.9', 'r4.10', 'r4.11', 'r4.12', 'master']",8,54.0,11.52,59.760000000000005,b5e9885854a0d594451800b9127eb50afb645433a8629da96207e1ce71ead9ba9f85bc324f09bcab5a3a326096cf65a58272ee89a5ef1c164cfd9d3361f06547599bb6b98bca99d5bc457eb20bc17cab45a44647e7306262162e1346b750c3209019f2e1c2e4d911fadfbd64444fb285342a8f1b72336169660a37320badfd6749f453201aeef8f5b15da89064155f8a9babcfcf4263cf4d08253a1556e75481,COMMENT_ANALYSIS_UNKNOWN_DEBTCOMMENT_ANALYSIS_UNKNOWN_DEBTCOMMENT_ANALYSIS_UNKNOWN_DEBTCOMMENT_ANALYSIS_UNKNOWN_DEBTCOMMENT_ANALYSIS_UNKNOWN_DEBTCOMMENT_ANALYSIS_UNKNOWN_DEBTCOMMENT_ANALYSIS_UNKNOWN_DEBTCOMMENT_ANALYSIS_UNKNOWN_DEBT,"UNKNOWN_DEBT,UNKNOWN_DEBT,UNKNOWN_DEBT,UNKNOWN_DEBT,UNKNOWN_DEBT,UNKNOWN_DEBT,UNKNOWN_DEBT,UNKNOWN_DEBT",8.0
src/main/java/org/junit/runner/notification/Failure.java,"['r4.6', 'r4.7', 'r4.8', 'r4.9', 'r4.10', 'r4.11', 'r4.12', 'master']",8,38.5,0.0,38.5,b5e9885854a0d594451800b9127eb50afb645433a8629da96207e1ce71ead9ba9f85bc324f09bcab5a3a326096cf65a58272ee89a5ef1c164cfd9d3361f06547599bb6b98bca99d5bc457eb20bc17cab45a44647e7306262162e1346b750c3209019f2e1c2e4d911fadfbd64444fb285342a8f1b72336169660a37320badfd6749f453201aeef8f5b15da89064155f8a9babcfcf4263cf4d08253a1556e75481,COMMENT_ANALYSIS_UNKNOWN_DEBTCOMMENT_ANALYSIS_UNKNOWN_DEBTCOMMENT_ANALYSIS_UNKNOWN_DEBTCOMMENT_ANALYSIS_UNKNOWN_DEBTCOMMENT_ANALYSIS_UNKNOWN_DEBTCOMMENT_ANALYSIS_UNKNOWN_DEBTCOMMENT_ANALYSIS_UNKNOWN_DEBTCOMMENT_ANALYSIS_UNKNOWN_DEBT,"UNKNOWN_DEBT,UNKNOWN_DEBT,UNKNOWN_DEBT,UNKNOWN_DEBT,UNKNOWN_DEBT,UNKNOWN_DEBT,UNKNOWN_DEBT,UNKNOWN_DEBT",8.0
src/main/java/org/junit/runner/notification/RunListener.java,"['r4.6', 'r4.7', 'r4.8', 'r4.9', 'r4.10', 'r4.11', 'r4.12', 'master']",8,184.0,5.76,188.48000000000002,b5e9885854a0d594451800b9127eb50afb645433a8629da96207e1ce71ead9ba9f85bc324f09bcab5a3a326096cf65a58272ee89a5ef1c164cfd9d3361f06547599bb6b98bca99d5bc457eb20bc17cab45a44647e7306262162e1346b750c3209019f2e1c2e4d911fadfbd64444fb285342a8f1b72336169660a37320badfd6749f453201aeef8f5b15da89064155f8a9babcfcf4263cf4d08253a1556e75481,"COMMENT_ANALYSIS_DEFECT_DEBT,COMMENT_ANALYSIS_UNKNOWN_DEBTCOMMENT_ANALYSIS_DEFECT_DEBT,COMMENT_ANALYSIS_UNKNOWN_DEBTCOMMENT_ANALYSIS_DEFECT_DEBT,COMMENT_ANALYSIS_UNKNOWN_DEBTCOMMENT_ANALYSIS_DEFECT_DEBT,COMMENT_ANALYSIS_UNKNOWN_DEBTCOMMENT_ANALYSIS_DEFECT_DEBT,COMMENT_ANALYSIS_UNKNOWN_DEBTCOMMENT_ANALYSIS_DEFECT_DEBT,COMMENT_ANALYSIS_UNKNOWN_DEBTCOMMENT_ANALYSIS_DEFECT_DEBT,COMMENT_ANALYSIS_UNKNOWN_DEBTCOMMENT_ANALYSIS_DEFECT_DEBT,COMMENT_ANALYSIS_UNKNOWN_DEBT","UNKNOWN_DEBT,DEFECT_DEBT,UNKNOWN_DEBT,DEFECT_DEBT,UNKNOWN_DEBT,DEFECT_DEBT,UNKNOWN_DEBT,DEFECT_DEBT,UNKNOWN_DEBT,DEFECT_DEBT,UNKNOWN_DEBT,DEFECT_DEBT,DEFECT_DEBT,UNKNOWN_DEBT,UNKNOWN_DEBT,DEFECT_DEBT",8.0
src/main/java/org/junit/runner/notification/RunNotifier.java,"['r4.6', 'r4.7', 'r4.8', 'r4.9', 'r4.10', 'r4.11', 'r4.12', 'master']",8,85.0,0.0,85.0,b5e9885854a0d594451800b9127eb50afb645433a8629da96207e1ce71ead9ba9f85bc324f09bcab5a3a326096cf65a58272ee89a5ef1c164cfd9d3361f06547599bb6b98bca99d5bc457eb20bc17cab45a44647e7306262162e1346b750c3209019f2e1c2e4d911fadfbd64444fb285342a8f1b72336169660a37320badfd6749f453201aeef8f5b15da89064155f8a9babcfcf4263cf4d08253a1556e75481,COMMENT_ANALYSIS_UNKNOWN_DEBTCOMMENT_ANALYSIS_UNKNOWN_DEBTCOMMENT_ANALYSIS_UNKNOWN_DEBTCOMMENT_ANALYSIS_UNKNOWN_DEBTCOMMENT_ANALYSIS_UNKNOWN_DEBTCOMMENT_ANALYSIS_UNKNOWN_DEBTCOMMENT_ANALYSIS_UNKNOWN_DEBTCOMMENT_ANALYSIS_UNKNOWN_DEBT,"UNKNOWN_DEBT,UNKNOWN_DEBT,UNKNOWN_DEBT,UNKNOWN_DEBT,UNKNOWN_DEBT,UNKNOWN_DEBT,UNKNOWN_DEBT,UNKNOWN_DEBT",8.0
src/main/java/org/junit/runner/notification/StoppedByUserException.java,"['r4.6', 'r4.7', 'r4.8', 'r4.9', 'r4.10', 'r4.11', 'r4.12', 'master']",8,25.0,0.0,25.0,b5e9885854a0d594451800b9127eb50afb645433a8629da96207e1ce71ead9ba9f85bc324f09bcab5a3a326096cf65a58272ee89a5ef1c164cfd9d3361f06547599bb6b98bca99d5bc457eb20bc17cab45a44647e7306262162e1346b750c3209019f2e1c2e4d911fadfbd64444fb285342a8f1b72336169660a37320badfd6749f453201aeef8f5b15da890,COMMENT_ANALYSIS_UNKNOWN_DEBTCOMMENT_ANALYSIS_UNKNOWN_DEBTCOMMENT_ANALYSIS_UNKNOWN_DEBTCOMMENT_ANALYSIS_UNKNOWN_DEBTCOMMENT_ANALYSIS_UNKNOWN_DEBTCOMMENT_ANALYSIS_UNKNOWN_DEBTCOMMENT_ANALYSIS_UNKNOWN_DEBT,"UNKNOWN_DEBT,UNKNOWN_DEBT,UNKNOWN_DEBT,UNKNOWN_DEBT,UNKNOWN_DEBT,UNKNOWN_DEBT,UNKNOWN_DEBT",7.0
src/main/java/org/junit/runners/BlockJUnit4ClassRunner.java,"['r4.6', 'r4.7', 'r4.8', 'r4.9', 'r4.10', 'r4.11', 'r4.12', 'master']",8,433.0,25.609999999999996,453.45,b5e9885854a0d594451800b9127eb50afb645433a8629da96207e1ce71ead9ba9f85bc324f09bcab5a3a326096cf65a58272ee89a5ef1c164cfd9d3361f06547599bb6b98bca99d5bc457eb20bc17cab45a44647e7306262162e1346b750c3209019f2e1c2e4d911fadfbd64444fb285342a8f1b72336169660a37320badfd6749f453201aeef8f5b15da89064155f8a9babcfcf4263cf4d08253a1556e75481,"COMMENT_ANALYSIS_DEFECT_DEBT,COMMENT_ANALYSIS_UNKNOWN_DEBTCOMMENT_ANALYSIS_DEFECT_DEBT,COMMENT_ANALYSIS_UNKNOWN_DEBTCOMMENT_ANALYSIS_DEFECT_DEBT,COMMENT_ANALYSIS_UNKNOWN_DEBTCOMMENT_ANALYSIS_DEFECT_DEBT,COMMENT_ANALYSIS_UNKNOWN_DEBTCOMMENT_ANALYSIS_DEFECT_DEBT,COMMENT_ANALYSIS_UNKNOWN_DEBTCOMMENT_ANALYSIS_DEFECT_DEBT,COMMENT_ANALYSIS_UNKNOWN_DEBTCOMMENT_ANALYSIS_DEFECT_DEBT,COMMENT_ANALYSIS_UNKNOWN_DEBTCOMMENT_ANALYSIS_DEFECT_DEBT,COMMENT_ANALYSIS_UNKNOWN_DEBT","UNKNOWN_DEBT,DEFECT_DEBT,UNKNOWN_DEBT,DEFECT_DEBT,UNKNOWN_DEBT,DEFECT_DEBT,UNKNOWN_DEBT,DEFECT_DEBT,UNKNOWN_DEBT,DEFECT_DEBT,UNKNOWN_DEBT,DEFECT_DEBT,DEFECT_DEBT,CODE_DEBT,UNKNOWN_DEBT,CODE_DEBT",8.0
src/main/java/org/junit/runners/JUnit4.java,"['r4.6', 'r4.7', 'r4.8', 'r4.9', 'r4.10', 'r4.11', 'r4.12', 'master']",8,65.0,0.0,65.0,b5e9885854a0d594451800b9127eb50afb645433a8629da96207e1ce71ead9ba9f85bc324f09bcab5a3a326096cf65a58272ee89a5ef1c164cfd9d3361f06547599bb6b98bca99d5bc457eb20bc17cab45a44647e7306262162e1346b750c3209019f2e1c2e4d911fadfbd64444fb285342a8f1b72336169660a37320badfd6749f453201aeef8f5b15da89064155f8a9babcfcf4263cf4d08253a1556e75481,COMMENT_ANALYSIS_UNKNOWN_DEBTCOMMENT_ANALYSIS_UNKNOWN_DEBTCOMMENT_ANALYSIS_UNKNOWN_DEBTCOMMENT_ANALYSIS_UNKNOWN_DEBTCOMMENT_ANALYSIS_UNKNOWN_DEBTCOMMENT_ANALYSIS_UNKNOWN_DEBTCOMMENT_ANALYSIS_UNKNOWN_DEBTCOMMENT_ANALYSIS_UNKNOWN_DEBT,"UNKNOWN_DEBT,UNKNOWN_DEBT,UNKNOWN_DEBT,UNKNOWN_DEBT,UNKNOWN_DEBT,UNKNOWN_DEBT,UNKNOWN_DEBT,UNKNOWN_DEBT",8.0
src/main/java/org/junit/runners/Parameterized.java,"['r4.6', 'r4.7', 'r4.8', 'r4.9', 'r4.10', 'r4.11', 'r4.12', 'master']",8,85.1,2.56,87.02,b5e9885854a0d594451800b9127eb50afb645433a8629da96207e1ce71ead9ba9f85bc324f09bcab5a3a326096cf65a58272ee89a5ef1c164cfd9d3361f06547599bb6b98bca99d5bc457eb20bc17cab45a44647e7306262162e1346b750c3209019f2e1c2e4d911fadfbd64444fb285342a8f1b72336169660a37320badfd6749f453201aeef8f5b15da89064155f8a9babcfcf4263cf4d08253a1556e75481,COMMENT_ANALYSIS_UNKNOWN_DEBTCOMMENT_ANALYSIS_UNKNOWN_DEBTCOMMENT_ANALYSIS_UNKNOWN_DEBTCOMMENT_ANALYSIS_UNKNOWN_DEBTCOMMENT_ANALYSIS_UNKNOWN_DEBTCOMMENT_ANALYSIS_UNKNOWN_DEBTCOMMENT_ANALYSIS_UNKNOWN_DEBTCOMMENT_ANALYSIS_UNKNOWN_DEBT,"UNKNOWN_DEBT,UNKNOWN_DEBT,UNKNOWN_DEBT,UNKNOWN_DEBT,UNKNOWN_DEBT,UNKNOWN_DEBT,UNKNOWN_DEBT,UNKNOWN_DEBT",8.0
src/main/java/org/junit/runners/ParentRunner.java,"['r4.6', 'r4.7', 'r4.8', 'r4.9', 'r4.10', 'r4.11', 'r4.12', 'master']",8,146.0,26.4,166.39999999999998,b5e9885854a0d594451800b9127eb50afb645433a8629da96207e1ce71ead9ba9f85bc324f09bcab5a3a326096cf65a58272ee89a5ef1c164cfd9d3361f06547599bb6b98bca99d5bc457eb20bc17cab45a44647e7306262162e1346b750c3209019f2e1c2e4d911fadfbd64444fb285342a8f1b72336169660a37320badfd6749f453201aeef8f5b15da89064155f8a9babcfcf4263cf4d08253a1556e75481,"COMMENT_ANALYSIS_DEFECT_DEBT,COMMENT_ANALYSIS_UNKNOWN_DEBTCOMMENT_ANALYSIS_DEFECT_DEBT,COMMENT_ANALYSIS_UNKNOWN_DEBTCOMMENT_ANALYSIS_DEFECT_DEBT,COMMENT_ANALYSIS_UNKNOWN_DEBTGOD_CLASS,COMMENT_ANALYSIS_DEFECT_DEBTGOD_CLASS,COMMENT_ANALYSIS_DEFECT_DEBTGOD_CLASS,COMMENT_ANALYSIS_DEFECT_DEBTGOD_CLASS,COMMENT_ANALYSIS_DEFECT_DEBT,COMMENT_ANALYSIS_CODE_DEBT,GOD_CLASS,COMMENT_ANALYSIS_DEFECT_DEBT","UNKNOWN_DEBT,DEFECT_DEBT,UNKNOWN_DEBT,DEFECT_DEBT,UNKNOWN_DEBT,DEFECT_DEBT,UNKNOWN_DEBT,DESIGN_DEBT,CODE_DEBT,,UNKNOWN_DEBT,DESIGN_DEBT,CODE_DEBT,,UNKNOWN_DEBT,DESIGN_DEBT,CODE_DEBT,,DEFECT_DEBT,CODE_DEBT,DESIGN_DEBT,,UNKNOWN_DEBT,CODE_DEBT,DESIGN_DEBT,",8.0
src/main/java/org/junit/runners/Suite.java,['r4.6'],1,3.759,0.0,3.759,b5e9885854a0d594451800b9127eb50afb645433,COMMENT_ANALYSIS_UNKNOWN_DEBT,UNKNOWN_DEBT,1.0
src/main/java/org/junit/runners/model/Annotatable.java,"['r4.12', 'master']",2,6.0,0.0,6.0,660a37320badfd6749f453201aeef8f5b15da89064155f8a9babcfcf4263cf4d08253a1556e75481,COMMENT_ANALYSIS_UNKNOWN_DEBTCOMMENT_ANALYSIS_UNKNOWN_DEBT,"UNKNOWN_DEBT,UNKNOWN_DEBT",2.0
src/main/java/org/junit/runners/model/FrameworkField.java,"['r4.7', 'r4.8', 'r4.9', 'r4.10', 'r4.11', 'r4.12', 'master']",7,0.0,19.199999999999996,9.599999999999998,,,,
src/main/java/org/junit/runners/model/FrameworkMethod.java,"['r4.10', 'r4.11', 'r4.12', 'master']",4,30.0,1.2,31.2,b5e9885854a0d594451800b9127eb50afb645433a8629da96207e1ce71ead9ba9f85bc324f09bcab5a3a326096cf65a58272ee89a5ef1c164cfd9d3361f06547599bb6b98bca99d5bc457eb20bc17cab45a44647e7306262162e1346b750c3209019f2e1c2e4d911fadfbd64444fb285342a8f1b72336169660a37320badfd6749f453201aeef8f5b15da89064155f8a9babcfcf4263cf4d08253a1556e75481,"FEATURE_ENVYFEATURE_ENVYFEATURE_ENVYFEATURE_ENVYFEATURE_ENVY,COMMENT_ANALYSIS_CODE_DEBTFEATURE_ENVY,COMMENT_ANALYSIS_CODE_DEBTCOMMENT_ANALYSIS_UNKNOWN_DEBT,COMMENT_ANALYSIS_CODE_DEBTCOMMENT_ANALYSIS_CODE_DEBT","DESIGN_DEBT,CODE_DEBT,DESIGN_DEBT,CODE_DEBT,DESIGN_DEBT,CODE_DEBT,DESIGN_DEBT,CODE_DEBT,DESIGN_DEBT,CODE_DEBT,DESIGN_DEBT,CODE_DEBT,CODE_DEBT,UNKNOWN_DEBT,CODE_DEBT",8.0
src/main/java/org/junit/runners/model/InitializationError.java,"['r4.6', 'r4.7', 'r4.8', 'r4.9', 'r4.10', 'r4.11', 'r4.12', 'master']",8,40.5,0.0,40.5,b5e9885854a0d594451800b9127eb50afb645433a8629da96207e1ce71ead9ba9f85bc324f09bcab5a3a326096cf65a58272ee89a5ef1c164cfd9d3361f06547599bb6b98bca99d5bc457eb20bc17cab45a44647e7306262162e1346b750c3209019f2e1c2e4d911fadfbd64444fb285342a8f1b72336169660a37320badfd6749f453201aeef8f5b15da89064155f8a9babcfcf4263cf4d08253a1556e75481,"COMMENT_ANALYSIS_DEFECT_DEBT,COMMENT_ANALYSIS_UNKNOWN_DEBTCOMMENT_ANALYSIS_DEFECT_DEBT,COMMENT_ANALYSIS_UNKNOWN_DEBTCOMMENT_ANALYSIS_DEFECT_DEBT,COMMENT_ANALYSIS_UNKNOWN_DEBTCOMMENT_ANALYSIS_DEFECT_DEBT,COMMENT_ANALYSIS_UNKNOWN_DEBTCOMMENT_ANALYSIS_DEFECT_DEBT,COMMENT_ANALYSIS_UNKNOWN_DEBTCOMMENT_ANALYSIS_DEFECT_DEBT,COMMENT_ANALYSIS_UNKNOWN_DEBTCOMMENT_ANALYSIS_DEFECT_DEBT,COMMENT_ANALYSIS_UNKNOWN_DEBTCOMMENT_ANALYSIS_DEFECT_DEBT,COMMENT_ANALYSIS_UNKNOWN_DEBT","UNKNOWN_DEBT,DEFECT_DEBT,UNKNOWN_DEBT,DEFECT_DEBT,UNKNOWN_DEBT,DEFECT_DEBT,UNKNOWN_DEBT,DEFECT_DEBT,UNKNOWN_DEBT,DEFECT_DEBT,UNKNOWN_DEBT,DEFECT_DEBT,DEFECT_DEBT,UNKNOWN_DEBT,UNKNOWN_DEBT,DEFECT_DEBT",8.0
src/main/java/org/junit/runners/model/RunnerBuilder.java,"['r4.6', 'r4.7', 'r4.8', 'r4.9', 'r4.10', 'r4.11', 'r4.12', 'master']",8,74.5,0.0,74.5,b5e9885854a0d594451800b9127eb50afb645433a8629da96207e1ce71ead9ba9f85bc324f09bcab5a3a326096cf65a58272ee89a5ef1c164cfd9d3361f06547599bb6b98bca99d5bc457eb20bc17cab45a44647e7306262162e1346b750c3209019f2e1c2e4d911fadfbd64444fb285342a8f1b72336169660a37320badfd6749f453201aeef8f5b15da89064155f8a9babcfcf4263cf4d08253a1556e75481,"COMMENT_ANALYSIS_DEFECT_DEBT,COMMENT_ANALYSIS_UNKNOWN_DEBTCOMMENT_ANALYSIS_DEFECT_DEBT,COMMENT_ANALYSIS_UNKNOWN_DEBTCOMMENT_ANALYSIS_DEFECT_DEBT,COMMENT_ANALYSIS_UNKNOWN_DEBTCOMMENT_ANALYSIS_DEFECT_DEBT,COMMENT_ANALYSIS_UNKNOWN_DEBTCOMMENT_ANALYSIS_DEFECT_DEBT,COMMENT_ANALYSIS_UNKNOWN_DEBTCOMMENT_ANALYSIS_DEFECT_DEBT,COMMENT_ANALYSIS_UNKNOWN_DEBTCOMMENT_ANALYSIS_DEFECT_DEBT,COMMENT_ANALYSIS_UNKNOWN_DEBTCOMMENT_ANALYSIS_DEFECT_DEBT,COMMENT_ANALYSIS_UNKNOWN_DEBT","UNKNOWN_DEBT,DEFECT_DEBT,UNKNOWN_DEBT,DEFECT_DEBT,UNKNOWN_DEBT,DEFECT_DEBT,UNKNOWN_DEBT,DEFECT_DEBT,UNKNOWN_DEBT,DEFECT_DEBT,UNKNOWN_DEBT,DEFECT_DEBT,DEFECT_DEBT,UNKNOWN_DEBT,UNKNOWN_DEBT,DEFECT_DEBT",8.0
src/main/java/org/junit/runners/model/RunnerScheduler.java,"['r4.7', 'r4.8', 'r4.9', 'r4.10', 'r4.11', 'r4.12', 'master']",7,44.0,0.0,44.0,a8629da96207e1ce71ead9ba9f85bc324f09bcab5a3a326096cf65a58272ee89a5ef1c164cfd9d3361f06547599bb6b98bca99d5bc457eb20bc17cab45a44647e7306262162e1346b750c3209019f2e1c2e4d911fadfbd64444fb285342a8f1b72336169660a37320badfd6749f453201aeef8f5b15da89064155f8a9babcfcf4263cf4d08253a1556e75481,COMMENT_ANALYSIS_UNKNOWN_DEBTCOMMENT_ANALYSIS_UNKNOWN_DEBTCOMMENT_ANALYSIS_UNKNOWN_DEBTCOMMENT_ANALYSIS_UNKNOWN_DEBTCOMMENT_ANALYSIS_UNKNOWN_DEBTCOMMENT_ANALYSIS_UNKNOWN_DEBTCOMMENT_ANALYSIS_UNKNOWN_DEBT,"UNKNOWN_DEBT,UNKNOWN_DEBT,UNKNOWN_DEBT,UNKNOWN_DEBT,UNKNOWN_DEBT,UNKNOWN_DEBT,UNKNOWN_DEBT",7.0
src/main/java/org/junit/runners/model/TestClass.java,"['r4.6', 'r4.7', 'r4.8', 'r4.9', 'r4.10', 'r4.11', 'r4.12', 'master']",8,84.5,20.339999999999996,94.67,b5e9885854a0d594451800b9127eb50afb645433a8629da96207e1ce71ead9ba9f85bc324f09bcab5a3a326096cf65a58272ee89a5ef1c164cfd9d3361f06547599bb6b98bca99d5bc457eb20bc17cab45a44647e7306262162e1346b750c3209019f2e1c2e4d911fadfbd64444fb285342a8f1b72336169660a37320badfd6749f453201aeef8f5b15da89064155f8a9babcfcf4263cf4d08253a1556e75481,"COMMENT_ANALYSIS_UNKNOWN_DEBTCOMMENT_ANALYSIS_UNKNOWN_DEBTCOMMENT_ANALYSIS_UNKNOWN_DEBTCOMMENT_ANALYSIS_UNKNOWN_DEBTCOMMENT_ANALYSIS_UNKNOWN_DEBTCOMMENT_ANALYSIS_UNKNOWN_DEBTGOD_CLASS,COMMENT_ANALYSIS_UNKNOWN_DEBTGOD_CLASS,COMMENT_ANALYSIS_UNKNOWN_DEBT","UNKNOWN_DEBT,UNKNOWN_DEBT,UNKNOWN_DEBT,UNKNOWN_DEBT,UNKNOWN_DEBT,UNKNOWN_DEBT,CODE_DEBT,UNKNOWN_DEBT,UNKNOWN_DEBT,CODE_DEBT",8.0
src/main/java/org/junit/runners/model/TestTimedOutException.java,"['r4.12', 'master']",2,5.0,0.0,5.0,660a37320badfd6749f453201aeef8f5b15da89064155f8a9babcfcf4263cf4d08253a1556e75481,COMMENT_ANALYSIS_DEFECT_DEBTCOMMENT_ANALYSIS_DEFECT_DEBT,"DEFECT_DEBT,DEFECT_DEBT",2.0
src/main/java/org/junit/runners/parameterized/BlockJUnit4ClassRunnerWithParameters.java,"['r4.12', 'master']",2,4.0,0.0,4.0,660a37320badfd6749f453201aeef8f5b15da890,COMMENT_ANALYSIS_UNKNOWN_DEBT,UNKNOWN_DEBT,1.0
src/main/java/org/junit/validator/AnnotationValidator.java,"['r4.12', 'master']",2,5.0,0.0,5.0,660a37320badfd6749f453201aeef8f5b15da89064155f8a9babcfcf4263cf4d08253a1556e75481,COMMENT_ANALYSIS_UNKNOWN_DEBTCOMMENT_ANALYSIS_UNKNOWN_DEBT,"UNKNOWN_DEBT,UNKNOWN_DEBT",2.0
src/main/java/org/junit/validator/ValidateWith.java,"['r4.12', 'master']",2,5.0,0.0,5.0,660a37320badfd6749f453201aeef8f5b15da89064155f8a9babcfcf4263cf4d08253a1556e75481,COMMENT_ANALYSIS_UNKNOWN_DEBTCOMMENT_ANALYSIS_UNKNOWN_DEBT,"UNKNOWN_DEBT,UNKNOWN_DEBT",2.0
src/test/java/junit/samples/SimpleTest.java,"['r4.6', 'r4.7', 'r4.8', 'r4.9', 'r4.10', 'r4.11', 'r4.12', 'master']",8,27.0,0.0,27.0,b5e9885854a0d594451800b9127eb50afb645433a8629da96207e1ce71ead9ba9f85bc324f09bcab5a3a326096cf65a58272ee89a5ef1c164cfd9d3361f06547599bb6b98bca99d5bc457eb20bc17cab45a44647e7306262162e1346b750c3209019f2e1c2e4d911fadfbd64444fb285342a8f1b72336169660a37320badfd6749f453201aeef8f5b15da89064155f8a9babcfcf4263cf4d08253a1556e75481,COMMENT_ANALYSIS_UNKNOWN_DEBTCOMMENT_ANALYSIS_UNKNOWN_DEBTCOMMENT_ANALYSIS_UNKNOWN_DEBTCOMMENT_ANALYSIS_UNKNOWN_DEBTCOMMENT_ANALYSIS_UNKNOWN_DEBTCOMMENT_ANALYSIS_UNKNOWN_DEBTCOMMENT_ANALYSIS_UNKNOWN_DEBTCOMMENT_ANALYSIS_UNKNOWN_DEBT,"UNKNOWN_DEBT,UNKNOWN_DEBT,UNKNOWN_DEBT,UNKNOWN_DEBT,UNKNOWN_DEBT,UNKNOWN_DEBT,UNKNOWN_DEBT,UNKNOWN_DEBT",8.0
src/test/java/junit/samples/money/IMoney.java,"['r4.6', 'r4.7', 'r4.8', 'r4.9', 'r4.10', 'r4.11', 'r4.12', 'master']",8,59.0,11.52,64.76,b5e9885854a0d594451800b9127eb50afb645433a8629da96207e1ce71ead9ba9f85bc324f09bcab5a3a326096cf65a58272ee89a5ef1c164cfd9d3361f06547599bb6b98bca99d5bc457eb20bc17cab45a44647e7306262162e1346b750c3209019f2e1c2e4d911fadfbd64444fb285342a8f1b72336169660a37320badfd6749f453201aeef8f5b15da89064155f8a9babcfcf4263cf4d08253a1556e75481,COMMENT_ANALYSIS_UNKNOWN_DEBTCOMMENT_ANALYSIS_UNKNOWN_DEBTCOMMENT_ANALYSIS_UNKNOWN_DEBTCOMMENT_ANALYSIS_UNKNOWN_DEBTCOMMENT_ANALYSIS_UNKNOWN_DEBTCOMMENT_ANALYSIS_UNKNOWN_DEBTCOMMENT_ANALYSIS_UNKNOWN_DEBTCOMMENT_ANALYSIS_UNKNOWN_DEBT,"UNKNOWN_DEBT,UNKNOWN_DEBT,UNKNOWN_DEBT,UNKNOWN_DEBT,UNKNOWN_DEBT,UNKNOWN_DEBT,UNKNOWN_DEBT,UNKNOWN_DEBT",8.0
src/test/java/junit/samples/money/Money.java,"['r4.6', 'r4.7', 'r4.8', 'r4.9', 'r4.10', 'r4.11', 'r4.12', 'master']",8,32.5,0.0,32.5,b5e9885854a0d594451800b9127eb50afb645433a8629da96207e1ce71ead9ba9f85bc324f09bcab5a3a326096cf65a58272ee89a5ef1c164cfd9d3361f06547599bb6b98bca99d5bc457eb20bc17cab45a44647e7306262162e1346b750c3209019f2e1c2e4d911fadfbd64444fb285342a8f1b72336169660a37320badfd6749f453201aeef8f5b15da89064155f8a9babcfcf4263cf4d08253a1556e75481,COMMENT_ANALYSIS_REQUIREMENT_DEBTCOMMENT_ANALYSIS_REQUIREMENT_DEBTCOMMENT_ANALYSIS_REQUIREMENT_DEBTCOMMENT_ANALYSIS_REQUIREMENT_DEBTCOMMENT_ANALYSIS_REQUIREMENT_DEBTCOMMENT_ANALYSIS_REQUIREMENT_DEBTCOMMENT_ANALYSIS_REQUIREMENT_DEBTCOMMENT_ANALYSIS_REQUIREMENT_DEBT,"REQUIREMENT_DEBT,REQUIREMENT_DEBT,REQUIREMENT_DEBT,REQUIREMENT_DEBT,REQUIREMENT_DEBT,REQUIREMENT_DEBT,REQUIREMENT_DEBT,REQUIREMENT_DEBT",8.0
src/test/java/junit/samples/money/MoneyBag.java,"['r4.6', 'r4.7', 'r4.8', 'r4.9', 'r4.10', 'r4.11', 'r4.12', 'master']",8,20.0,0.0,20.0,b5e9885854a0d594451800b9127eb50afb645433a8629da96207e1ce71ead9ba9f85bc324f09bcab5a3a326096cf65a58272ee89a5ef1c164cfd9d3361f06547599bb6b98bca99d5bc457eb20bc17cab45a44647e7306262162e1346b750c3209019f2e1c2e4d911fadfbd64444fb285342a8f1b72336169660a37320badfd6749f453201aeef8f5b15da89064155f8a9babcfcf4263cf4d08253a1556e75481,COMMENT_ANALYSIS_UNKNOWN_DEBTCOMMENT_ANALYSIS_UNKNOWN_DEBTCOMMENT_ANALYSIS_UNKNOWN_DEBTCOMMENT_ANALYSIS_UNKNOWN_DEBTCOMMENT_ANALYSIS_UNKNOWN_DEBTCOMMENT_ANALYSIS_UNKNOWN_DEBTCOMMENT_ANALYSIS_UNKNOWN_DEBTCOMMENT_ANALYSIS_UNKNOWN_DEBT,"UNKNOWN_DEBT,UNKNOWN_DEBT,UNKNOWN_DEBT,UNKNOWN_DEBT,UNKNOWN_DEBT,UNKNOWN_DEBT,UNKNOWN_DEBT,UNKNOWN_DEBT",8.0
src/test/java/junit/tests/extensions/AllTests.java,"['r4.6', 'r4.7', 'r4.8', 'r4.9', 'r4.10', 'r4.11', 'r4.12', 'master']",8,26.000000000000004,11.52,31.760000000000005,b5e9885854a0d594451800b9127eb50afb645433a8629da96207e1ce71ead9ba9f85bc324f09bcab5a3a326096cf65a58272ee89a5ef1c164cfd9d3361f06547599bb6b98bca99d5bc457eb20bc17cab45a44647e7306262162e1346b750c3209019f2e1c2e4d911fadfbd64444fb285342a8f1b72336169660a37320badfd6749f453201aeef8f5b15da89064155f8a9babcfcf4263cf4d08253a1556e75481,COMMENT_ANALYSIS_UNKNOWN_DEBTCOMMENT_ANALYSIS_UNKNOWN_DEBTCOMMENT_ANALYSIS_UNKNOWN_DEBTCOMMENT_ANALYSIS_UNKNOWN_DEBTCOMMENT_ANALYSIS_UNKNOWN_DEBTCOMMENT_ANALYSIS_UNKNOWN_DEBTCOMMENT_ANALYSIS_UNKNOWN_DEBTCOMMENT_ANALYSIS_UNKNOWN_DEBT,"UNKNOWN_DEBT,UNKNOWN_DEBT,UNKNOWN_DEBT,UNKNOWN_DEBT,UNKNOWN_DEBT,UNKNOWN_DEBT,UNKNOWN_DEBT,UNKNOWN_DEBT",8.0
src/test/java/junit/tests/framework/AssertTest.java,"['r4.6', 'r4.7', 'r4.8', 'r4.9', 'r4.10', 'r4.11', 'r4.12', 'master']",8,184.70000000000002,0.0,184.70000000000002,b5e9885854a0d594451800b9127eb50afb645433a8629da96207e1ce71ead9ba9f85bc324f09bcab5a3a326096cf65a58272ee89a5ef1c164cfd9d3361f06547599bb6b98bca99d5bc457eb20bc17cab45a44647e7306262162e1346b750c3209019f2e1c2e4d911fadfbd64444fb285342a8f1b72336169660a37320badfd6749f453201aeef8f5b15da89064155f8a9babcfcf4263cf4d08253a1556e75481,"COMMENT_ANALYSIS_DEFECT_DEBT,COMMENT_ANALYSIS_UNKNOWN_DEBTCOMMENT_ANALYSIS_DEFECT_DEBT,COMMENT_ANALYSIS_UNKNOWN_DEBTCOMMENT_ANALYSIS_DEFECT_DEBT,COMMENT_ANALYSIS_UNKNOWN_DEBTCOMMENT_ANALYSIS_DEFECT_DEBT,COMMENT_ANALYSIS_UNKNOWN_DEBTCOMMENT_ANALYSIS_DEFECT_DEBT,COMMENT_ANALYSIS_UNKNOWN_DEBTCOMMENT_ANALYSIS_DEFECT_DEBT,COMMENT_ANALYSIS_UNKNOWN_DEBTCOMMENT_ANALYSIS_DEFECT_DEBT,COMMENT_ANALYSIS_UNKNOWN_DEBTCOMMENT_ANALYSIS_DEFECT_DEBT,COMMENT_ANALYSIS_UNKNOWN_DEBT","UNKNOWN_DEBT,DEFECT_DEBT,UNKNOWN_DEBT,DEFECT_DEBT,UNKNOWN_DEBT,DEFECT_DEBT,UNKNOWN_DEBT,DEFECT_DEBT,UNKNOWN_DEBT,DEFECT_DEBT,UNKNOWN_DEBT,DEFECT_DEBT,DEFECT_DEBT,UNKNOWN_DEBT,UNKNOWN_DEBT,DEFECT_DEBT",8.0
src/test/java/junit/tests/framework/SuiteTest.java,"['r4.6', 'r4.7', 'r4.8', 'r4.9', 'r4.10', 'r4.11', 'r4.12', 'master']",8,55.0,0.0,55.0,b5e9885854a0d594451800b9127eb50afb645433a8629da96207e1ce71ead9ba9f85bc324f09bcab5a3a326096cf65a58272ee89a5ef1c164cfd9d3361f06547599bb6b98bca99d5bc457eb20bc17cab45a44647e7306262162e1346b750c3209019f2e1c2e4d911fadfbd64444fb285342a8f1b72336169660a37320badfd6749f453201aeef8f5b15da89064155f8a9babcfcf4263cf4d08253a1556e75481,"COMMENT_ANALYSIS_DEFECT_DEBT,COMMENT_ANALYSIS_UNKNOWN_DEBTCOMMENT_ANALYSIS_DEFECT_DEBT,COMMENT_ANALYSIS_UNKNOWN_DEBTCOMMENT_ANALYSIS_DEFECT_DEBT,COMMENT_ANALYSIS_UNKNOWN_DEBTCOMMENT_ANALYSIS_UNKNOWN_DEBTCOMMENT_ANALYSIS_UNKNOWN_DEBTCOMMENT_ANALYSIS_UNKNOWN_DEBTCOMMENT_ANALYSIS_UNKNOWN_DEBTCOMMENT_ANALYSIS_UNKNOWN_DEBT","UNKNOWN_DEBT,DEFECT_DEBT,UNKNOWN_DEBT,DEFECT_DEBT,UNKNOWN_DEBT,DEFECT_DEBT,UNKNOWN_DEBT,UNKNOWN_DEBT,UNKNOWN_DEBT,UNKNOWN_DEBT,UNKNOWN_DEBT",8.0
src/test/java/junit/tests/runner/ResultTest.java,"['r4.12', 'master']",2,9.0,0.0,9.0,660a37320badfd6749f453201aeef8f5b15da890,"COMMENT_ANALYSIS_UNKNOWN_DEBT,COMMENT_ANALYSIS_CODE_DEBT","CODE_DEBT,UNKNOWN_DEBT",1.0
src/test/java/org/junit/experimental/categories/MultiCategoryTest.java,['master'],1,2.0,0.0,2.0,660a37320badfd6749f453201aeef8f5b15da890,"COMMENT_ANALYSIS_UNKNOWN_DEBT,DUPLICATED_CODE","CODE_DEBT,UNKNOWN_DEBT",1.0
src/test/java/org/junit/internal/runners/statements/ExpectExceptionTest.java,['master'],1,12.0,1.28,12.64,660a37320badfd6749f453201aeef8f5b15da890,COMMENT_ANALYSIS_UNKNOWN_DEBT,UNKNOWN_DEBT,1.0
src/test/java/org/junit/internal/runners/statements/FailOnTimeoutTest.java,['master'],1,0.0,2.4,1.2,,,,
src/test/java/org/junit/rules/BlockJUnit4ClassRunnerOverrideTest.java,['master'],1,4.0,0.64,4.640000000000001,660a37320badfd6749f453201aeef8f5b15da890,COMMENT_ANALYSIS_UNKNOWN_DEBT,UNKNOWN_DEBT,1.0
src/test/java/org/junit/rules/DisableOnDebugTest.java,"['r4.12', 'master']",2,5.0,0.0,5.0,660a37320badfd6749f453201aeef8f5b15da890,COMMENT_ANALYSIS_DEFECT_DEBT,DEFECT_DEBT,1.0
src/test/java/org/junit/rules/MethodRulesTest.java,['master'],1,5.0,0.0,5.0,660a37320badfd6749f453201aeef8f5b15da890,"GOD_CLASS,COMMENT_ANALYSIS_UNKNOWN_DEBT","CODE_DEBT,UNKNOWN_DEBT",1.0
src/test/java/org/junit/rules/RuleMemberValidatorTest.java,['master'],1,0.0,3.5999999999999996,2.4,,,,
src/test/java/org/junit/rules/TemporaryFolderRuleAssuredDeletionTest.java,['master'],1,6.5,1.28,7.140000000000001,660a37320badfd6749f453201aeef8f5b15da890,"COMMENT_ANALYSIS_DESIGN_DEBT,COMMENT_ANALYSIS_UNKNOWN_DEBT","CODE_DEBT,UNKNOWN_DEBT",1.0
src/test/java/org/junit/runner/RequestTest.java,['master'],1,2.5,0.0,2.5,660a37320badfd6749f453201aeef8f5b15da890,COMMENT_ANALYSIS_UNKNOWN_DEBT,UNKNOWN_DEBT,1.0
src/test/java/org/junit/samples/SimpleTest.java,['master'],1,2.5,0.0,2.5,660a37320badfd6749f453201aeef8f5b15da890,COMMENT_ANALYSIS_DEFECT_DEBT,DEFECT_DEBT,1.0
src/test/java/org/junit/tests/AllTests.java,"['r4.6', 'r4.7', 'r4.8', 'r4.9', 'r4.10', 'r4.11', 'r4.12']",7,34.0,0.0,34.0,b5e9885854a0d594451800b9127eb50afb645433a8629da96207e1ce71ead9ba9f85bc324f09bcab5a3a326096cf65a58272ee89a5ef1c164cfd9d3361f06547599bb6b98bca99d5bc457eb20bc17cab45a44647e7306262162e1346b750c3209019f2e1c2e4d911fadfbd64444fb285342a8f1b7233616964155f8a9babcfcf4263cf4d08253a1556e75481,COMMENT_ANALYSIS_UNKNOWN_DEBTCOMMENT_ANALYSIS_UNKNOWN_DEBTCOMMENT_ANALYSIS_UNKNOWN_DEBTCOMMENT_ANALYSIS_UNKNOWN_DEBTCOMMENT_ANALYSIS_UNKNOWN_DEBTCOMMENT_ANALYSIS_UNKNOWN_DEBTCOMMENT_ANALYSIS_UNKNOWN_DEBT,"UNKNOWN_DEBT,UNKNOWN_DEBT,UNKNOWN_DEBT,UNKNOWN_DEBT,UNKNOWN_DEBT,UNKNOWN_DEBT,UNKNOWN_DEBT",7.0
src/test/java/org/junit/tests/assertion/AssertionTest.java,"['r4.6', 'r4.7', 'r4.8', 'r4.9', 'r4.10', 'r4.11', 'r4.12', 'master']",8,105.759,7.04,111.519,b5e9885854a0d594451800b9127eb50afb645433a8629da96207e1ce71ead9ba9f85bc324f09bcab5a3a326096cf65a58272ee89a5ef1c164cfd9d3361f06547599bb6b98bca99d5bc457eb20bc17cab45a44647e7306262162e1346b750c3209019f2e1c2e4d911fadfbd64444fb285342a8f1b72336169660a37320badfd6749f453201aeef8f5b15da890,"GOD_CLASS,COMMENT_ANALYSIS_DEFECT_DEBTGOD_CLASS,COMMENT_ANALYSIS_DEFECT_DEBTGOD_CLASS,COMMENT_ANALYSIS_DEFECT_DEBTGOD_CLASS,COMMENT_ANALYSIS_DEFECT_DEBTGOD_CLASS,COMMENT_ANALYSIS_DEFECT_DEBTGOD_CLASS,COMMENT_ANALYSIS_DEFECT_DEBTGOD_CLASS,COMMENT_ANALYSIS_DEFECT_DEBT","UNKNOWN_DEBT,DESIGN_DEBT,CODE_DEBT,,UNKNOWN_DEBT,DESIGN_DEBT,CODE_DEBT,,UNKNOWN_DEBT,DESIGN_DEBT,CODE_DEBT,,UNKNOWN_DEBT,DESIGN_DEBT,CODE_DEBT,,UNKNOWN_DEBT,DESIGN_DEBT,CODE_DEBT,,UNKNOWN_DEBT,DESIGN_DEBT,CODE_DEBT,,DEFECT_DEBT,CODE_DEBT,DESIGN_DEBT,",7.0
src/test/java/org/junit/tests/deprecated/JUnit4ClassRunnerTest.java,"['r4.6', 'r4.7', 'r4.8', 'r4.9', 'r4.10', 'r4.11', 'r4.12', 'master']",8,35.0,0.0,35.0,b5e9885854a0d594451800b9127eb50afb645433a8629da96207e1ce71ead9ba9f85bc324f09bcab5a3a326096cf65a58272ee89a5ef1c164cfd9d3361f06547599bb6b98bca99d5bc457eb20bc17cab45a44647e7306262162e1346b750c3209019f2e1c2e4d911fadfbd64444fb285342a8f1b72336169660a37320badfd6749f453201aeef8f5b15da89064155f8a9babcfcf4263cf4d08253a1556e75481,COMMENT_ANALYSIS_CODE_DEBTCOMMENT_ANALYSIS_CODE_DEBTCOMMENT_ANALYSIS_CODE_DEBTCOMMENT_ANALYSIS_CODE_DEBTCOMMENT_ANALYSIS_CODE_DEBTCOMMENT_ANALYSIS_CODE_DEBTCOMMENT_ANALYSIS_CODE_DEBTCOMMENT_ANALYSIS_CODE_DEBT,"CODE_DEBT,CODE_DEBT,CODE_DEBT,CODE_DEBT,CODE_DEBT,CODE_DEBT,CODE_DEBT,CODE_DEBT",8.0
src/test/java/org/junit/tests/experimental/categories/MultiCategoryTest.java,['r4.12'],1,2.0,0.0,2.0,64155f8a9babcfcf4263cf4d08253a1556e75481,"COMMENT_ANALYSIS_UNKNOWN_DEBT,DUPLICATED_CODE","UNKNOWN_DEBT,CODE_DEBT",1.0
src/test/java/org/junit/tests/experimental/max/MaxComputerTest.java,['r4.6'],1,7.518,0.0,7.518,b5e9885854a0d594451800b9127eb50afb645433,COMMENT_ANALYSIS_UNKNOWN_DEBT,UNKNOWN_DEBT,1.0
src/test/java/org/junit/tests/experimental/max/MaxStarterTest.java,['r4.6'],1,3.759,0.0,3.759,b5e9885854a0d594451800b9127eb50afb645433,COMMENT_ANALYSIS_UNKNOWN_DEBT,UNKNOWN_DEBT,1.0
src/test/java/org/junit/tests/experimental/parallel/ParallelClassTest.java,"['r4.6', 'r4.7', 'r4.8', 'r4.9', 'r4.10', 'r4.11']",6,21.0,0.0,21.0,b5e9885854a0d594451800b9127eb50afb645433a8629da96207e1ce71ead9ba9f85bc324f09bcab5a3a326096cf65a58272ee89a5ef1c164cfd9d3361f06547599bb6b98bca99d5bc457eb20bc17cab45a44647e7306262162e1346b750c3209019f2e1c2e4d911fadfbd64444fb285342a8f1b72336169,COMMENT_ANALYSIS_UNKNOWN_DEBTCOMMENT_ANALYSIS_UNKNOWN_DEBTCOMMENT_ANALYSIS_UNKNOWN_DEBTCOMMENT_ANALYSIS_UNKNOWN_DEBTCOMMENT_ANALYSIS_UNKNOWN_DEBTCOMMENT_ANALYSIS_UNKNOWN_DEBT,"UNKNOWN_DEBT,UNKNOWN_DEBT,UNKNOWN_DEBT,UNKNOWN_DEBT,UNKNOWN_DEBT,UNKNOWN_DEBT",6.0
src/test/java/org/junit/tests/experimental/rules/MethodRulesTest.java,['r4.12'],1,5.0,0.0,5.0,61f06547599bb6b98bca99d5bc457eb20bc17cab45a44647e7306262162e1346b750c3209019f2e1c2e4d911fadfbd64444fb285342a8f1b7233616964155f8a9babcfcf4263cf4d08253a1556e75481,"DUPLICATED_CODEDUPLICATED_CODEDUPLICATED_CODEGOD_CLASS,COMMENT_ANALYSIS_UNKNOWN_DEBT","DESIGN_DEBT,CODE_DEBT,DESIGN_DEBT,CODE_DEBT,DESIGN_DEBT,CODE_DEBT,UNKNOWN_DEBT,CODE_DEBT",4.0
src/test/java/org/junit/tests/experimental/rules/RuleMemberValidatorTest.java,['r4.12'],1,0.0,3.5999999999999996,2.4,,,,
src/test/java/org/junit/tests/experimental/theories/AssumingInTheoriesTest.java,"['r4.12', 'master']",2,6.0,0.0,6.0,660a37320badfd6749f453201aeef8f5b15da89064155f8a9babcfcf4263cf4d08253a1556e75481,COMMENT_ANALYSIS_DEFECT_DEBTCOMMENT_ANALYSIS_DEFECT_DEBT,"DEFECT_DEBT,DEFECT_DEBT",2.0
src/test/java/org/junit/tests/experimental/theories/runner/SuccessfulWithDataPointFields.java,"['r4.6', 'r4.7', 'r4.8', 'r4.9', 'r4.10', 'r4.11', 'r4.12', 'master']",8,25.0,11.52,30.76,b5e9885854a0d594451800b9127eb50afb645433a8629da96207e1ce71ead9ba9f85bc324f09bcab5a3a326096cf65a58272ee89a5ef1c164cfd9d3361f06547599bb6b98bca99d5bc457eb20bc17cab45a44647e7306262162e1346b750c3209019f2e1c2e4d911fadfbd64444fb285342a8f1b72336169660a37320badfd6749f453201aeef8f5b15da89064155f8a9babcfcf4263cf4d08253a1556e75481,COMMENT_ANALYSIS_UNKNOWN_DEBTCOMMENT_ANALYSIS_UNKNOWN_DEBTCOMMENT_ANALYSIS_UNKNOWN_DEBTCOMMENT_ANALYSIS_UNKNOWN_DEBTCOMMENT_ANALYSIS_UNKNOWN_DEBTCOMMENT_ANALYSIS_UNKNOWN_DEBTCOMMENT_ANALYSIS_UNKNOWN_DEBTCOMMENT_ANALYSIS_UNKNOWN_DEBT,"UNKNOWN_DEBT,UNKNOWN_DEBT,UNKNOWN_DEBT,UNKNOWN_DEBT,UNKNOWN_DEBT,UNKNOWN_DEBT,UNKNOWN_DEBT,UNKNOWN_DEBT",8.0
src/test/java/org/junit/tests/experimental/theories/runner/TheoriesPerformanceTest.java,"['r4.6', 'r4.7', 'r4.8', 'r4.9', 'r4.10', 'r4.11', 'r4.12', 'master']",8,20.0,0.0,20.0,b5e9885854a0d594451800b9127eb50afb645433a8629da96207e1ce71ead9ba9f85bc324f09bcab5a3a326096cf65a58272ee89a5ef1c164cfd9d3361f06547599bb6b98bca99d5bc457eb20bc17cab45a44647e7306262162e1346b750c3209019f2e1c2e4d911fadfbd64444fb285342a8f1b72336169660a37320badfd6749f453201aeef8f5b15da89064155f8a9babcfcf4263cf4d08253a1556e75481,COMMENT_ANALYSIS_UNKNOWN_DEBTCOMMENT_ANALYSIS_UNKNOWN_DEBTCOMMENT_ANALYSIS_UNKNOWN_DEBTCOMMENT_ANALYSIS_UNKNOWN_DEBTCOMMENT_ANALYSIS_UNKNOWN_DEBTCOMMENT_ANALYSIS_UNKNOWN_DEBTCOMMENT_ANALYSIS_UNKNOWN_DEBTCOMMENT_ANALYSIS_UNKNOWN_DEBT,"UNKNOWN_DEBT,UNKNOWN_DEBT,UNKNOWN_DEBT,UNKNOWN_DEBT,UNKNOWN_DEBT,UNKNOWN_DEBT,UNKNOWN_DEBT,UNKNOWN_DEBT",8.0
src/test/java/org/junit/tests/internal/runners/statements/FailOnTimeoutTest.java,['r4.12'],1,0.0,2.4,1.2,,,,
src/test/java/org/junit/tests/junit3compatibility/AllTestsTest.java,"['r4.6', 'r4.7', 'r4.8', 'r4.9', 'r4.10', 'r4.11', 'r4.12', 'master']",8,26.000000000000004,0.0,26.000000000000004,b5e9885854a0d594451800b9127eb50afb645433a8629da96207e1ce71ead9ba9f85bc324f09bcab5a3a326096cf65a58272ee89a5ef1c164cfd9d3361f06547599bb6b98bca99d5bc457eb20bc17cab45a44647e7306262162e1346b750c3209019f2e1c2e4d911fadfbd64444fb285342a8f1b72336169660a37320badfd6749f453201aeef8f5b15da89064155f8a9babcfcf4263cf4d08253a1556e75481,COMMENT_ANALYSIS_UNKNOWN_DEBTCOMMENT_ANALYSIS_UNKNOWN_DEBTCOMMENT_ANALYSIS_UNKNOWN_DEBTCOMMENT_ANALYSIS_UNKNOWN_DEBTCOMMENT_ANALYSIS_UNKNOWN_DEBTCOMMENT_ANALYSIS_UNKNOWN_DEBTCOMMENT_ANALYSIS_UNKNOWN_DEBTCOMMENT_ANALYSIS_UNKNOWN_DEBT,"UNKNOWN_DEBT,UNKNOWN_DEBT,UNKNOWN_DEBT,UNKNOWN_DEBT,UNKNOWN_DEBT,UNKNOWN_DEBT,UNKNOWN_DEBT,UNKNOWN_DEBT",8.0
src/test/java/org/junit/tests/running/core/CommandLineTest.java,"['r4.6', 'r4.7', 'r4.8', 'r4.9', 'r4.10', 'r4.11']",6,15.038,16.8,23.438,b5e9885854a0d594451800b9127eb50afb645433a8629da96207e1ce71ead9ba9f85bc324f09bcab5a3a326096cf65a58272ee89a5ef1c164cfd9d3361f06547599bb6b98bca99d5bc457eb20bc17cab45a44647e7306262162e1346b750c3209019f2e1c2e4d911fadfbd64444fb285342a8f1b72336169,COMMENT_ANALYSIS_UNKNOWN_DEBTCOMMENT_ANALYSIS_UNKNOWN_DEBTCOMMENT_ANALYSIS_UNKNOWN_DEBTCOMMENT_ANALYSIS_UNKNOWN_DEBTCOMMENT_ANALYSIS_UNKNOWN_DEBTCOMMENT_ANALYSIS_UNKNOWN_DEBT,"UNKNOWN_DEBT,UNKNOWN_DEBT,UNKNOWN_DEBT,UNKNOWN_DEBT,UNKNOWN_DEBT,UNKNOWN_DEBT",6.0
src/test/java/org/junit/tests/running/core/SystemExitTest.java,"['r4.6', 'r4.7', 'r4.8', 'r4.9', 'r4.10', 'r4.11', 'r4.12', 'master']",8,13.5,0.0,13.5,b5e9885854a0d594451800b9127eb50afb645433a8629da96207e1ce71ead9ba9f85bc324f09bcab5a3a326096cf65a58272ee89a5ef1c164cfd9d3361f06547599bb6b98bca99d5bc457eb20bc17cab45a44647e7306262162e1346b750c3209019f2e1c2e4d911fadfbd64444fb285342a8f1b72336169660a37320badfd6749f453201aeef8f5b15da89064155f8a9babcfcf4263cf4d08253a1556e75481,COMMENT_ANALYSIS_UNKNOWN_DEBTCOMMENT_ANALYSIS_UNKNOWN_DEBTCOMMENT_ANALYSIS_UNKNOWN_DEBTCOMMENT_ANALYSIS_UNKNOWN_DEBTCOMMENT_ANALYSIS_UNKNOWN_DEBTCOMMENT_ANALYSIS_UNKNOWN_DEBTCOMMENT_ANALYSIS_UNKNOWN_DEBTCOMMENT_ANALYSIS_UNKNOWN_DEBT,"UNKNOWN_DEBT,UNKNOWN_DEBT,UNKNOWN_DEBT,UNKNOWN_DEBT,UNKNOWN_DEBT,UNKNOWN_DEBT,UNKNOWN_DEBT,UNKNOWN_DEBT",8.0
swingui/TestRunContext.java,['r3.8.2'],1,4.0,0.0,4.0,a0f0ee1b3f72d9361eb09b3a25156c69a748aa47,COMMENT_ANALYSIS_UNKNOWN_DEBT,UNKNOWN_DEBT,1.0
swingui/TestRunner.java,['r3.8.2'],1,5.5,0.0,5.5,a0f0ee1b3f72d9361eb09b3a25156c69a748aa47,"COMMENT_ANALYSIS_DEFECT_DEBT,COMMENT_ANALYSIS_UNKNOWN_DEBT","UNKNOWN_DEBT,DEFECT_DEBT",1.0
swingui/TestTreeModel.java,['r3.8.2'],1,6.0,0.0,6.0,a0f0ee1b3f72d9361eb09b3a25156c69a748aa47,COMMENT_ANALYSIS_DEFECT_DEBT,DEFECT_DEBT,1.0
tests/extensions/AllTests.java,['r3.8.2'],1,5.2,2.56,6.48,a0f0ee1b3f72d9361eb09b3a25156c69a748aa47,COMMENT_ANALYSIS_UNKNOWN_DEBT,UNKNOWN_DEBT,1.0
tests/framework/AssertTest.java,['r3.8.2'],1,12.7,0.0,12.7,a0f0ee1b3f72d9361eb09b3a25156c69a748aa47,"COMMENT_ANALYSIS_DEFECT_DEBT,COMMENT_ANALYSIS_UNKNOWN_DEBT","UNKNOWN_DEBT,DEFECT_DEBT",1.0
tests/framework/SuiteTest.java,['r3.8.2'],1,3.0,0.0,3.0,a0f0ee1b3f72d9361eb09b3a25156c69a748aa47,COMMENT_ANALYSIS_UNKNOWN_DEBT,UNKNOWN_DEBT,1.0
textui/TestRunner.java,['r3.8.2'],1,9.0,2.56,10.280000000000001,a0f0ee1b3f72d9361eb09b3a25156c69a748aa47,COMMENT_ANALYSIS_UNKNOWN_DEBT,UNKNOWN_DEBT,1.0
